Timestamp,Device, avail, block, Cmode, dev_asset_chg, dev_asset_rem, estop, execution, line, mode, msg, power, program, tool_id
4/1/2016 13:36:21:511,VMC-3Axis, AVAILABLE, X0.890922 Y-0.675412, SPINDLE, UNAVAILABLE, UNAVAILABLE, ARMED, ACTIVE, 448, AUTOMATIC, UNAVAILABLE, ON, FLANGE_CAM.NGC, UNAVAILABLE
4/1/2016 13:36:21:753,VMC-3Axis, AVAILABLE, X0.817577 Y-0.759620, SPINDLE, UNAVAILABLE, UNAVAILABLE, ARMED, ACTIVE, 449, AUTOMATIC, UNAVAILABLE, ON, FLANGE_CAM.NGC, UNAVAILABLE
4/1/2016 13:36:21:988,VMC-3Axis, AVAILABLE, X0.736336 Y-0.835946, SPINDLE, UNAVAILABLE, UNAVAILABLE, ARMED, ACTIVE, 450, AUTOMATIC, UNAVAILABLE, ON, FLANGE_CAM.NGC, UNAVAILABLE
4/1/2016 13:36:22:238,VMC-3Axis, AVAILABLE, X0.648036 Y-0.903656, SPINDLE, UNAVAILABLE, UNAVAILABLE, ARMED, ACTIVE, 451, AUTOMATIC, UNAVAILABLE, ON, FLANGE_CAM.NGC, UNAVAILABLE
4/1/2016 13:36:22:488,VMC-3Axis, AVAILABLE, X0.553586 Y-0.962103, SPINDLE, UNAVAILABLE, UNAVAILABLE, ARMED, ACTIVE, 452, AUTOMATIC, UNAVAILABLE, ON, FLANGE_CAM.NGC, UNAVAILABLE
4/1/2016 13:36:22:738,VMC-3Axis, AVAILABLE, X0.553586 Y-0.962103, SPINDLE, UNAVAILABLE, UNAVAILABLE, ARMED, ACTIVE, 452, AUTOMATIC, UNAVAILABLE, ON, FLANGE_CAM.NGC, UNAVAILABLE
4/1/2016 13:36:22:980,VMC-3Axis, AVAILABLE, X0.453951 Y-1.010739, SPINDLE, UNAVAILABLE, UNAVAILABLE, ARMED, ACTIVE, 453, AUTOMATIC, UNAVAILABLE, ON, FLANGE_CAM.NGC, UNAVAILABLE
4/1/2016 13:36:23:222,VMC-3Axis, AVAILABLE, X0.350145 Y-1.049111, SPINDLE, UNAVAILABLE, UNAVAILABLE, ARMED, ACTIVE, 454, AUTOMATIC, UNAVAILABLE, ON, FLANGE_CAM.NGC, UNAVAILABLE
4/1/2016 13:36:23:468,VMC-3Axis, AVAILABLE, X0.243218 Y-1.076876, SPINDLE, UNAVAILABLE, UNAVAILABLE, ARMED, ACTIVE, 455, AUTOMATIC, UNAVAILABLE, ON, FLANGE_CAM.NGC, UNAVAILABLE
4/1/2016 13:36:23:707,VMC-3Axis, AVAILABLE, X0.134251 Y-1.093792, SPINDLE, UNAVAILABLE, UNAVAILABLE, ARMED, ACTIVE, 456, AUTOMATIC, UNAVAILABLE, ON, FLANGE_CAM.NGC, UNAVAILABLE
4/1/2016 13:36:23:953,VMC-3Axis, AVAILABLE, X0.024339 Y-1.099731, SPINDLE, UNAVAILABLE, UNAVAILABLE, ARMED, ACTIVE, 457, AUTOMATIC, UNAVAILABLE, ON, FLANGE_CAM.NGC, UNAVAILABLE
4/1/2016 13:36:24:199,VMC-3Axis, AVAILABLE, X0.024339 Y-1.099731, SPINDLE, UNAVAILABLE, UNAVAILABLE, ARMED, ACTIVE, 457, AUTOMATIC, UNAVAILABLE, ON, FLANGE_CAM.NGC, UNAVAILABLE
4/1/2016 13:36:24:449,VMC-3Axis, AVAILABLE, X-0.085416 Y-1.094673, SPINDLE, UNAVAILABLE, UNAVAILABLE, ARMED, ACTIVE, 458, AUTOMATIC, UNAVAILABLE, ON, FLANGE_CAM.NGC, UNAVAILABLE
4/1/2016 13:36:24:691,VMC-3Axis, AVAILABLE, X-0.193921 Y-1.078708, SPINDLE, UNAVAILABLE, UNAVAILABLE, ARMED, ACTIVE, 459, AUTOMATIC, UNAVAILABLE, ON, FLANGE_CAM.NGC, UNAVAILABLE
4/1/2016 13:36:24:925,VMC-3Axis, AVAILABLE, X-0.300094 Y-1.052036, SPINDLE, UNAVAILABLE, UNAVAILABLE, ARMED, ACTIVE, 460, AUTOMATIC, UNAVAILABLE, ON, FLANGE_CAM.NGC, UNAVAILABLE
4/1/2016 13:36:25:175,VMC-3Axis, AVAILABLE, X-0.402886 Y-1.014962, SPINDLE, UNAVAILABLE, UNAVAILABLE, ARMED, ACTIVE, 461, AUTOMATIC, UNAVAILABLE, ON, FLANGE_CAM.NGC, UNAVAILABLE
4/1/2016 13:36:25:417,VMC-3Axis, AVAILABLE, X-0.501280 Y-0.967894, SPINDLE, UNAVAILABLE, UNAVAILABLE, ARMED, ACTIVE, 462, AUTOMATIC, UNAVAILABLE, ON, FLANGE_CAM.NGC, UNAVAILABLE
4/1/2016 13:36:25:656,VMC-3Axis, AVAILABLE, X-0.594312 Y-0.911338, SPINDLE, UNAVAILABLE, UNAVAILABLE, ARMED, ACTIVE, 463, AUTOMATIC, UNAVAILABLE, ON, FLANGE_CAM.NGC, UNAVAILABLE
4/1/2016 13:36:25:914,VMC-3Axis, AVAILABLE, X-0.681070 Y-0.845896, SPINDLE, UNAVAILABLE, UNAVAILABLE, ARMED, ACTIVE, 464, AUTOMATIC, UNAVAILABLE, ON, FLANGE_CAM.NGC, UNAVAILABLE
4/1/2016 13:36:26:160,VMC-3Axis, AVAILABLE, X-0.681070 Y-0.845896, SPINDLE, UNAVAILABLE, UNAVAILABLE, ARMED, ACTIVE, 464, AUTOMATIC, UNAVAILABLE, ON, FLANGE_CAM.NGC, UNAVAILABLE
4/1/2016 13:36:26:410,VMC-3Axis, AVAILABLE, X-0.760713 Y-0.772251, SPINDLE, UNAVAILABLE, UNAVAILABLE, ARMED, ACTIVE, 465, AUTOMATIC, UNAVAILABLE, ON, FLANGE_CAM.NGC, UNAVAILABLE
4/1/2016 13:36:26:660,VMC-3Axis, AVAILABLE, X-0.832470 Y-0.691171, SPINDLE, UNAVAILABLE, UNAVAILABLE, ARMED, ACTIVE, 466, AUTOMATIC, UNAVAILABLE, ON, FLANGE_CAM.NGC, UNAVAILABLE
4/1/2016 13:36:26:894,VMC-3Axis, AVAILABLE, X-0.895655 Y-0.603492, SPINDLE, UNAVAILABLE, UNAVAILABLE, ARMED, ACTIVE, 467, AUTOMATIC, UNAVAILABLE, ON, FLANGE_CAM.NGC, UNAVAILABLE
4/1/2016 13:36:27:140,VMC-3Axis, AVAILABLE, X-0.949667 Y-0.510115, SPINDLE, UNAVAILABLE, UNAVAILABLE, ARMED, ACTIVE, 468, AUTOMATIC, UNAVAILABLE, ON, FLANGE_CAM.NGC, UNAVAILABLE
4/1/2016 13:36:27:375,VMC-3Axis, AVAILABLE, X-0.994001 Y-0.411992, SPINDLE, UNAVAILABLE, UNAVAILABLE, ARMED, ACTIVE, 469, AUTOMATIC, UNAVAILABLE, ON, FLANGE_CAM.NGC, UNAVAILABLE
4/1/2016 13:36:27:613,VMC-3Axis, AVAILABLE, X-1.028251 Y-0.310122, SPINDLE, UNAVAILABLE, UNAVAILABLE, ARMED, ACTIVE, 470, AUTOMATIC, UNAVAILABLE, ON, FLANGE_CAM.NGC, UNAVAILABLE
4/1/2016 13:36:27:863,VMC-3Axis, AVAILABLE, X-1.028251 Y-0.310122, SPINDLE, UNAVAILABLE, UNAVAILABLE, ARMED, ACTIVE, 470, AUTOMATIC, UNAVAILABLE, ON, FLANGE_CAM.NGC, UNAVAILABLE
4/1/2016 13:36:28:109,VMC-3Axis, AVAILABLE, X-1.052112 Y-0.205535, SPINDLE, UNAVAILABLE, UNAVAILABLE, ARMED, ACTIVE, 471, AUTOMATIC, UNAVAILABLE, ON, FLANGE_CAM.NGC, UNAVAILABLE
4/1/2016 13:36:28:347,VMC-3Axis, AVAILABLE, X-1.065384 Y-0.099287, SPINDLE, UNAVAILABLE, UNAVAILABLE, ARMED, ACTIVE, 472, AUTOMATIC, UNAVAILABLE, ON, FLANGE_CAM.NGC, UNAVAILABLE
4/1/2016 13:36:28:593,VMC-3Axis, AVAILABLE, X-1.067973 Y0.007556, SPINDLE, UNAVAILABLE, UNAVAILABLE, ARMED, ACTIVE, 473, AUTOMATIC, UNAVAILABLE, ON, FLANGE_CAM.NGC, UNAVAILABLE
4/1/2016 13:36:28:832,VMC-3Axis, AVAILABLE, X-1.059895 Y0.113924, SPINDLE, UNAVAILABLE, UNAVAILABLE, ARMED, ACTIVE, 474, AUTOMATIC, UNAVAILABLE, ON, FLANGE_CAM.NGC, UNAVAILABLE
4/1/2016 13:36:29:066,VMC-3Axis, AVAILABLE, X-1.041269 Y0.218757, SPINDLE, UNAVAILABLE, UNAVAILABLE, ARMED, ACTIVE, 475, AUTOMATIC, UNAVAILABLE, ON, FLANGE_CAM.NGC, UNAVAILABLE
4/1/2016 13:36:29:312,VMC-3Axis, AVAILABLE, X-1.012322 Y0.321013, SPINDLE, UNAVAILABLE, UNAVAILABLE, ARMED, ACTIVE, 476, AUTOMATIC, UNAVAILABLE, ON, FLANGE_CAM.NGC, UNAVAILABLE
4/1/2016 13:36:29:554,VMC-3Axis, AVAILABLE, X-0.973380 Y0.419681, SPINDLE, UNAVAILABLE, UNAVAILABLE, ARMED, ACTIVE, 477, AUTOMATIC, UNAVAILABLE, ON, FLANGE_CAM.NGC, UNAVAILABLE
4/1/2016 13:36:29:792,VMC-3Axis, AVAILABLE, X-0.973380 Y0.419681, SPINDLE, UNAVAILABLE, UNAVAILABLE, ARMED, ACTIVE, 477, AUTOMATIC, UNAVAILABLE, ON, FLANGE_CAM.NGC, UNAVAILABLE
4/1/2016 13:36:30:031,VMC-3Axis, AVAILABLE, X-0.924870 Y0.513789, SPINDLE, UNAVAILABLE, UNAVAILABLE, ARMED, ACTIVE, 478, AUTOMATIC, UNAVAILABLE, ON, FLANGE_CAM.NGC, UNAVAILABLE
4/1/2016 13:36:30:269,VMC-3Axis, AVAILABLE, X-0.867314 Y0.602414, SPINDLE, UNAVAILABLE, UNAVAILABLE, ARMED, ACTIVE, 479, AUTOMATIC, UNAVAILABLE, ON, FLANGE_CAM.NGC, UNAVAILABLE
4/1/2016 13:36:30:523,VMC-3Axis, AVAILABLE, X-0.801319 Y0.684692, SPINDLE, UNAVAILABLE, UNAVAILABLE, ARMED, ACTIVE, 480, AUTOMATIC, UNAVAILABLE, ON, FLANGE_CAM.NGC, UNAVAILABLE
4/1/2016 13:36:30:765,VMC-3Axis, AVAILABLE, X-0.727578 Y0.759825, SPINDLE, UNAVAILABLE, UNAVAILABLE, ARMED, ACTIVE, 481, AUTOMATIC, UNAVAILABLE, ON, FLANGE_CAM.NGC, UNAVAILABLE
4/1/2016 13:36:30:976,VMC-3Axis, AVAILABLE, X-0.646855 Y0.827090, SPINDLE, UNAVAILABLE, UNAVAILABLE, ARMED, ACTIVE, 482, AUTOMATIC, UNAVAILABLE, ON, FLANGE_CAM.NGC, UNAVAILABLE
4/1/2016 13:36:31:214,VMC-3Axis, AVAILABLE, X-0.559983 Y0.885846, SPINDLE, UNAVAILABLE, UNAVAILABLE, ARMED, ACTIVE, 483, AUTOMATIC, UNAVAILABLE, ON, FLANGE_CAM.NGC, UNAVAILABLE
4/1/2016 13:36:31:453,VMC-3Axis, AVAILABLE, X-0.467854 Y0.935536, SPINDLE, UNAVAILABLE, UNAVAILABLE, ARMED, ACTIVE, 484, AUTOMATIC, UNAVAILABLE, ON, FLANGE_CAM.NGC, UNAVAILABLE
4/1/2016 13:36:31:691,VMC-3Axis, AVAILABLE, X-0.371408 Y0.975701, SPINDLE, UNAVAILABLE, UNAVAILABLE, ARMED, ACTIVE, 485, AUTOMATIC, UNAVAILABLE, ON, FLANGE_CAM.NGC, UNAVAILABLE
4/1/2016 13:36:31:941,VMC-3Axis, AVAILABLE, X-0.371408 Y0.975701, SPINDLE, UNAVAILABLE, UNAVAILABLE, ARMED, ACTIVE, 485, AUTOMATIC, UNAVAILABLE, ON, FLANGE_CAM.NGC, UNAVAILABLE
4/1/2016 13:36:32:187,VMC-3Axis, AVAILABLE, X-0.271623 Y1.005975, SPINDLE, UNAVAILABLE, UNAVAILABLE, ARMED, ACTIVE, 486, AUTOMATIC, UNAVAILABLE, ON, FLANGE_CAM.NGC, UNAVAILABLE
4/1/2016 13:36:32:425,VMC-3Axis, AVAILABLE, X-0.169510 Y1.026093, SPINDLE, UNAVAILABLE, UNAVAILABLE, ARMED, ACTIVE, 487, AUTOMATIC, UNAVAILABLE, ON, FLANGE_CAM.NGC, UNAVAILABLE
4/1/2016 13:36:32:667,VMC-3Axis, AVAILABLE, X-0.066098 Y1.035893, SPINDLE, UNAVAILABLE, UNAVAILABLE, ARMED, ACTIVE, 488, AUTOMATIC, UNAVAILABLE, ON, FLANGE_CAM.NGC, UNAVAILABLE
4/1/2016 13:36:32:906,VMC-3Axis, AVAILABLE, X0.037577 Y1.035318, SPINDLE, UNAVAILABLE, UNAVAILABLE, ARMED, ACTIVE, 489, AUTOMATIC, UNAVAILABLE, ON, FLANGE_CAM.NGC, UNAVAILABLE
4/1/2016 13:36:33:140,VMC-3Axis, AVAILABLE, X0.140476 Y1.024413, SPINDLE, UNAVAILABLE, UNAVAILABLE, ARMED, ACTIVE, 490, AUTOMATIC, UNAVAILABLE, ON, FLANGE_CAM.NGC, UNAVAILABLE
4/1/2016 13:36:33:375,VMC-3Axis, AVAILABLE, X0.241577 Y1.003327, SPINDLE, UNAVAILABLE, UNAVAILABLE, ARMED, ACTIVE, 491, AUTOMATIC, UNAVAILABLE, ON, FLANGE_CAM.NGC, UNAVAILABLE
4/1/2016 13:36:33:613,VMC-3Axis, AVAILABLE, X0.339876 Y0.972309, SPINDLE, UNAVAILABLE, UNAVAILABLE, ARMED, ACTIVE, 492, AUTOMATIC, UNAVAILABLE, ON, FLANGE_CAM.NGC, UNAVAILABLE
4/1/2016 13:36:33:871,VMC-3Axis, AVAILABLE, X0.434402 Y0.931708, SPINDLE, UNAVAILABLE, UNAVAILABLE, ARMED, ACTIVE, 493, AUTOMATIC, UNAVAILABLE, ON, FLANGE_CAM.NGC, UNAVAILABLE
4/1/2016 13:36:34:109,VMC-3Axis, AVAILABLE, X0.524225 Y0.881966, SPINDLE, UNAVAILABLE, UNAVAILABLE, ARMED, ACTIVE, 494, AUTOMATIC, UNAVAILABLE, ON, FLANGE_CAM.NGC, UNAVAILABLE
4/1/2016 13:36:34:363,VMC-3Axis, AVAILABLE, X0.608467 Y0.823616, SPINDLE, UNAVAILABLE, UNAVAILABLE, ARMED, ACTIVE, 495, AUTOMATIC, UNAVAILABLE, ON, FLANGE_CAM.NGC, UNAVAILABLE
4/1/2016 13:36:34:613,VMC-3Axis, AVAILABLE, X0.608467 Y0.823616, SPINDLE, UNAVAILABLE, UNAVAILABLE, ARMED, ACTIVE, 495, AUTOMATIC, UNAVAILABLE, ON, FLANGE_CAM.NGC, UNAVAILABLE
4/1/2016 13:36:34:867,VMC-3Axis, AVAILABLE, X0.686309 Y0.757274, SPINDLE, UNAVAILABLE, UNAVAILABLE, ARMED, ACTIVE, 496, AUTOMATIC, UNAVAILABLE, ON, FLANGE_CAM.NGC, UNAVAILABLE
4/1/2016 13:36:35:109,VMC-3Axis, AVAILABLE, X0.756997 Y0.683634, SPINDLE, UNAVAILABLE, UNAVAILABLE, ARMED, ACTIVE, 497, AUTOMATIC, UNAVAILABLE, ON, FLANGE_CAM.NGC, UNAVAILABLE
4/1/2016 13:36:35:347,VMC-3Axis, AVAILABLE, X0.819854 Y0.603459, SPINDLE, UNAVAILABLE, UNAVAILABLE, ARMED, ACTIVE, 498, AUTOMATIC, UNAVAILABLE, ON, FLANGE_CAM.NGC, UNAVAILABLE
4/1/2016 13:36:35:589,VMC-3Axis, AVAILABLE, X0.874283 Y0.517577, SPINDLE, UNAVAILABLE, UNAVAILABLE, ARMED, ACTIVE, 499, AUTOMATIC, UNAVAILABLE, ON, FLANGE_CAM.NGC, UNAVAILABLE
4/1/2016 13:36:35:824,VMC-3Axis, AVAILABLE, X0.919772 Y0.426866, SPINDLE, UNAVAILABLE, UNAVAILABLE, ARMED, ACTIVE, 500, AUTOMATIC, UNAVAILABLE, ON, FLANGE_CAM.NGC, UNAVAILABLE
4/1/2016 13:36:36:058,VMC-3Axis, AVAILABLE, X0.955904 Y0.332253, SPINDLE, UNAVAILABLE, UNAVAILABLE, ARMED, ACTIVE, 501, AUTOMATIC, UNAVAILABLE, ON, FLANGE_CAM.NGC, UNAVAILABLE
4/1/2016 13:36:36:296,VMC-3Axis, AVAILABLE, X0.982353 Y0.234697, SPINDLE, UNAVAILABLE, UNAVAILABLE, ARMED, ACTIVE, 502, AUTOMATIC, UNAVAILABLE, ON, FLANGE_CAM.NGC, UNAVAILABLE
4/1/2016 13:36:36:531,VMC-3Axis, AVAILABLE, X0.998894 Y0.135185, SPINDLE, UNAVAILABLE, UNAVAILABLE, ARMED, ACTIVE, 503, AUTOMATIC, UNAVAILABLE, ON, FLANGE_CAM.NGC, UNAVAILABLE
4/1/2016 13:36:36:765,VMC-3Axis, AVAILABLE, X1.005401 Y0.034718, SPINDLE, UNAVAILABLE, UNAVAILABLE, ARMED, ACTIVE, 504, AUTOMATIC, UNAVAILABLE, ON, FLANGE_CAM.NGC, UNAVAILABLE
4/1/2016 13:36:37:00,VMC-3Axis, AVAILABLE, X1.001848 Y-0.065697, SPINDLE, UNAVAILABLE, UNAVAILABLE, ARMED, ACTIVE, 505, AUTOMATIC, UNAVAILABLE, ON, FLANGE_CAM.NGC, UNAVAILABLE
4/1/2016 13:36:37:238,VMC-3Axis, AVAILABLE, X1.001848 Y-0.065697, SPINDLE, UNAVAILABLE, UNAVAILABLE, ARMED, ACTIVE, 505, AUTOMATIC, UNAVAILABLE, ON, FLANGE_CAM.NGC, UNAVAILABLE
4/1/2016 13:36:37:589,VMC-3Axis, AVAILABLE, X0.964966 Y-0.262375, SPINDLE, UNAVAILABLE, UNAVAILABLE, ARMED, ACTIVE, 507, AUTOMATIC, UNAVAILABLE, ON, FLANGE_CAM.NGC, UNAVAILABLE
4/1/2016 13:36:37:824,VMC-3Axis, AVAILABLE, X0.932084 Y-0.356685, SPINDLE, UNAVAILABLE, UNAVAILABLE, ARMED, ACTIVE, 508, AUTOMATIC, UNAVAILABLE, ON, FLANGE_CAM.NGC, UNAVAILABLE
4/1/2016 13:36:38:062,VMC-3Axis, AVAILABLE, X0.890031 Y-0.447059, SPINDLE, UNAVAILABLE, UNAVAILABLE, ARMED, ACTIVE, 509, AUTOMATIC, UNAVAILABLE, ON, FLANGE_CAM.NGC, UNAVAILABLE
4/1/2016 13:36:38:304,VMC-3Axis, AVAILABLE, X0.890031 Y-0.447059, SPINDLE, UNAVAILABLE, UNAVAILABLE, ARMED, ACTIVE, 509, AUTOMATIC, UNAVAILABLE, ON, FLANGE_CAM.NGC, UNAVAILABLE
4/1/2016 13:36:38:546,VMC-3Axis, AVAILABLE, X0.839264 Y-0.532608, SPINDLE, UNAVAILABLE, UNAVAILABLE, ARMED, ACTIVE, 510, AUTOMATIC, UNAVAILABLE, ON, FLANGE_CAM.NGC, UNAVAILABLE
4/1/2016 13:36:38:785,VMC-3Axis, AVAILABLE, X0.780326 Y-0.612499, SPINDLE, UNAVAILABLE, UNAVAILABLE, ARMED, ACTIVE, 511, AUTOMATIC, UNAVAILABLE, ON, FLANGE_CAM.NGC, UNAVAILABLE
4/1/2016 13:36:39:035,VMC-3Axis, AVAILABLE, X0.713838 Y-0.685956, SPINDLE, UNAVAILABLE, UNAVAILABLE, ARMED, ACTIVE, 512, AUTOMATIC, UNAVAILABLE, ON, FLANGE_CAM.NGC, UNAVAILABLE
4/1/2016 13:36:39:281,VMC-3Axis, AVAILABLE, X0.640494 Y-0.752271, SPINDLE, UNAVAILABLE, UNAVAILABLE, ARMED, ACTIVE, 513, AUTOMATIC, UNAVAILABLE, ON, FLANGE_CAM.NGC, UNAVAILABLE
4/1/2016 13:36:39:515,VMC-3Axis, AVAILABLE, X0.561054 Y-0.810811, SPINDLE, UNAVAILABLE, UNAVAILABLE, ARMED, ACTIVE, 514, AUTOMATIC, UNAVAILABLE, ON, FLANGE_CAM.NGC, UNAVAILABLE
4/1/2016 13:36:39:753,VMC-3Axis, AVAILABLE, X0.476337 Y-0.861022, SPINDLE, UNAVAILABLE, UNAVAILABLE, ARMED, ACTIVE, 515, AUTOMATIC, UNAVAILABLE, ON, FLANGE_CAM.NGC, UNAVAILABLE
4/1/2016 13:36:40:03,VMC-3Axis, AVAILABLE, X0.387210 Y-0.902437, SPINDLE, UNAVAILABLE, UNAVAILABLE, ARMED, ACTIVE, 516, AUTOMATIC, UNAVAILABLE, ON, FLANGE_CAM.NGC, UNAVAILABLE
4/1/2016 13:36:40:250,VMC-3Axis, AVAILABLE, X0.294581 Y-0.934678, SPINDLE, UNAVAILABLE, UNAVAILABLE, ARMED, ACTIVE, 517, AUTOMATIC, UNAVAILABLE, ON, FLANGE_CAM.NGC, UNAVAILABLE
4/1/2016 13:36:40:484,VMC-3Axis, AVAILABLE, X0.199389 Y-0.957459, SPINDLE, UNAVAILABLE, UNAVAILABLE, ARMED, ACTIVE, 518, AUTOMATIC, UNAVAILABLE, ON, FLANGE_CAM.NGC, UNAVAILABLE
4/1/2016 13:36:40:722,VMC-3Axis, AVAILABLE, X0.102596 Y-0.970593, SPINDLE, UNAVAILABLE, UNAVAILABLE, ARMED, ACTIVE, 519, AUTOMATIC, UNAVAILABLE, ON, FLANGE_CAM.NGC, UNAVAILABLE
4/1/2016 13:36:40:972,VMC-3Axis, AVAILABLE, X0.005176 Y-0.973986, SPINDLE, UNAVAILABLE, UNAVAILABLE, ARMED, ACTIVE, 520, AUTOMATIC, UNAVAILABLE, ON, FLANGE_CAM.NGC, UNAVAILABLE
4/1/2016 13:36:41:218,VMC-3Axis, AVAILABLE, X-0.091897 Y-0.967646, SPINDLE, UNAVAILABLE, UNAVAILABLE, ARMED, ACTIVE, 521, AUTOMATIC, UNAVAILABLE, ON, FLANGE_CAM.NGC, UNAVAILABLE
4/1/2016 13:36:41:453,VMC-3Axis, AVAILABLE, X-0.187655 Y-0.951675, SPINDLE, UNAVAILABLE, UNAVAILABLE, ARMED, ACTIVE, 522, AUTOMATIC, UNAVAILABLE, ON, FLANGE_CAM.NGC, UNAVAILABLE
4/1/2016 13:36:41:691,VMC-3Axis, AVAILABLE, X-0.281145 Y-0.926273, SPINDLE, UNAVAILABLE, UNAVAILABLE, ARMED, ACTIVE, 523, AUTOMATIC, UNAVAILABLE, ON, FLANGE_CAM.NGC, UNAVAILABLE
4/1/2016 13:36:41:937,VMC-3Axis, AVAILABLE, X-0.371445 Y-0.891731, SPINDLE, UNAVAILABLE, UNAVAILABLE, ARMED, ACTIVE, 524, AUTOMATIC, UNAVAILABLE, ON, FLANGE_CAM.NGC, UNAVAILABLE
4/1/2016 13:36:42:175,VMC-3Axis, AVAILABLE, X-0.457664 Y-0.848434, SPINDLE, UNAVAILABLE, UNAVAILABLE, ARMED, ACTIVE, 525, AUTOMATIC, UNAVAILABLE, ON, FLANGE_CAM.NGC, UNAVAILABLE
4/1/2016 13:36:42:421,VMC-3Axis, AVAILABLE, X-0.538959 Y-0.796848, SPINDLE, UNAVAILABLE, UNAVAILABLE, ARMED, ACTIVE, 526, AUTOMATIC, UNAVAILABLE, ON, FLANGE_CAM.NGC, UNAVAILABLE
4/1/2016 13:36:42:671,VMC-3Axis, AVAILABLE, X-0.614539 Y-0.737524, SPINDLE, UNAVAILABLE, UNAVAILABLE, ARMED, ACTIVE, 527, AUTOMATIC, UNAVAILABLE, ON, FLANGE_CAM.NGC, UNAVAILABLE
4/1/2016 13:36:42:906,VMC-3Axis, AVAILABLE, X-0.683671 Y-0.671087, SPINDLE, UNAVAILABLE, UNAVAILABLE, ARMED, ACTIVE, 528, AUTOMATIC, UNAVAILABLE, ON, FLANGE_CAM.NGC, UNAVAILABLE
4/1/2016 13:36:43:140,VMC-3Axis, AVAILABLE, X-0.745692 Y-0.598230, SPINDLE, UNAVAILABLE, UNAVAILABLE, ARMED, ACTIVE, 529, AUTOMATIC, UNAVAILABLE, ON, FLANGE_CAM.NGC, UNAVAILABLE
4/1/2016 13:36:43:375,VMC-3Axis, AVAILABLE, X-0.800013 Y-0.519707, SPINDLE, UNAVAILABLE, UNAVAILABLE, ARMED, ACTIVE, 530, AUTOMATIC, UNAVAILABLE, ON, FLANGE_CAM.NGC, UNAVAILABLE
4/1/2016 13:36:43:613,VMC-3Axis, AVAILABLE, X-0.846123 Y-0.436326, SPINDLE, UNAVAILABLE, UNAVAILABLE, ARMED, ACTIVE, 531, AUTOMATIC, UNAVAILABLE, ON, FLANGE_CAM.NGC, UNAVAILABLE
4/1/2016 13:36:43:859,VMC-3Axis, AVAILABLE, X-0.883595 Y-0.348940, SPINDLE, UNAVAILABLE, UNAVAILABLE, ARMED, ACTIVE, 532, AUTOMATIC, UNAVAILABLE, ON, FLANGE_CAM.NGC, UNAVAILABLE
4/1/2016 13:36:44:097,VMC-3Axis, AVAILABLE, X-0.912093 Y-0.258439, SPINDLE, UNAVAILABLE, UNAVAILABLE, ARMED, ACTIVE, 533, AUTOMATIC, UNAVAILABLE, ON, FLANGE_CAM.NGC, UNAVAILABLE
4/1/2016 13:36:44:347,VMC-3Axis, AVAILABLE, X-0.931368 Y-0.165740, SPINDLE, UNAVAILABLE, UNAVAILABLE, ARMED, ACTIVE, 534, AUTOMATIC, UNAVAILABLE, ON, FLANGE_CAM.NGC, UNAVAILABLE
4/1/2016 13:36:44:601,VMC-3Axis, AVAILABLE, X-0.941267 Y-0.071779, SPINDLE, UNAVAILABLE, UNAVAILABLE, ARMED, ACTIVE, 535, AUTOMATIC, UNAVAILABLE, ON, FLANGE_CAM.NGC, UNAVAILABLE
4/1/2016 13:36:44:843,VMC-3Axis, AVAILABLE, X-0.941731 Y0.022502, SPINDLE, UNAVAILABLE, UNAVAILABLE, ARMED, ACTIVE, 536, AUTOMATIC, UNAVAILABLE, ON, FLANGE_CAM.NGC, UNAVAILABLE
4/1/2016 13:36:45:078,VMC-3Axis, AVAILABLE, X-0.932795 Y0.116159, SPINDLE, UNAVAILABLE, UNAVAILABLE, ARMED, ACTIVE, 537, AUTOMATIC, UNAVAILABLE, ON, FLANGE_CAM.NGC, UNAVAILABLE
4/1/2016 13:36:45:312,VMC-3Axis, AVAILABLE, X-0.914589 Y0.208259, SPINDLE, UNAVAILABLE, UNAVAILABLE, ARMED, ACTIVE, 538, AUTOMATIC, UNAVAILABLE, ON, FLANGE_CAM.NGC, UNAVAILABLE
4/1/2016 13:36:45:550,VMC-3Axis, AVAILABLE, X-0.914589 Y0.208259, SPINDLE, UNAVAILABLE, UNAVAILABLE, ARMED, ACTIVE, 538, AUTOMATIC, UNAVAILABLE, ON, FLANGE_CAM.NGC, UNAVAILABLE
4/1/2016 13:36:45:800,VMC-3Axis, AVAILABLE, X-0.851337 Y0.384163, SPINDLE, UNAVAILABLE, UNAVAILABLE, ARMED, ACTIVE, 540, AUTOMATIC, UNAVAILABLE, ON, FLANGE_CAM.NGC, UNAVAILABLE
4/1/2016 13:36:46:050,VMC-3Axis, AVAILABLE, X-0.807000 Y0.466235, SPINDLE, UNAVAILABLE, UNAVAILABLE, ARMED, ACTIVE, 541, AUTOMATIC, UNAVAILABLE, ON, FLANGE_CAM.NGC, UNAVAILABLE
4/1/2016 13:36:46:292,VMC-3Axis, AVAILABLE, X-0.754799 Y0.543303, SPINDLE, UNAVAILABLE, UNAVAILABLE, ARMED, ACTIVE, 542, AUTOMATIC, UNAVAILABLE, ON, FLANGE_CAM.NGC, UNAVAILABLE
4/1/2016 13:36:46:531,VMC-3Axis, AVAILABLE, X-0.695290 Y0.614618, SPINDLE, UNAVAILABLE, UNAVAILABLE, ARMED, ACTIVE, 543, AUTOMATIC, UNAVAILABLE, ON, FLANGE_CAM.NGC, UNAVAILABLE
4/1/2016 13:36:46:785,VMC-3Axis, AVAILABLE, X-0.629099 Y0.679493, SPINDLE, UNAVAILABLE, UNAVAILABLE, ARMED, ACTIVE, 544, AUTOMATIC, UNAVAILABLE, ON, FLANGE_CAM.NGC, UNAVAILABLE
4/1/2016 13:36:47:031,VMC-3Axis, AVAILABLE, X-0.556914 Y0.737308, SPINDLE, UNAVAILABLE, UNAVAILABLE, ARMED, ACTIVE, 545, AUTOMATIC, UNAVAILABLE, ON, FLANGE_CAM.NGC, UNAVAILABLE
4/1/2016 13:36:47:269,VMC-3Axis, AVAILABLE, X-0.479484 Y0.787515, SPINDLE, UNAVAILABLE, UNAVAILABLE, ARMED, ACTIVE, 546, AUTOMATIC, UNAVAILABLE, ON, FLANGE_CAM.NGC, UNAVAILABLE
4/1/2016 13:36:47:519,VMC-3Axis, AVAILABLE, X-0.397604 Y0.829645, SPINDLE, UNAVAILABLE, UNAVAILABLE, ARMED, ACTIVE, 547, AUTOMATIC, UNAVAILABLE, ON, FLANGE_CAM.NGC, UNAVAILABLE
4/1/2016 13:36:47:765,VMC-3Axis, AVAILABLE, X-0.312111 Y0.863314, SPINDLE, UNAVAILABLE, UNAVAILABLE, ARMED, ACTIVE, 548, AUTOMATIC, UNAVAILABLE, ON, FLANGE_CAM.NGC, UNAVAILABLE
4/1/2016 13:36:48:03,VMC-3Axis, AVAILABLE, X-0.223875 Y0.888221, SPINDLE, UNAVAILABLE, UNAVAILABLE, ARMED, ACTIVE, 549, AUTOMATIC, UNAVAILABLE, ON, FLANGE_CAM.NGC, UNAVAILABLE
4/1/2016 13:36:48:253,VMC-3Axis, AVAILABLE, X-0.133790 Y0.904155, SPINDLE, UNAVAILABLE, UNAVAILABLE, ARMED, ACTIVE, 550, AUTOMATIC, UNAVAILABLE, ON, FLANGE_CAM.NGC, UNAVAILABLE
4/1/2016 13:36:48:500,VMC-3Axis, AVAILABLE, X-0.042763 Y0.910997, SPINDLE, UNAVAILABLE, UNAVAILABLE, ARMED, ACTIVE, 551, AUTOMATIC, UNAVAILABLE, ON, FLANGE_CAM.NGC, UNAVAILABLE
4/1/2016 13:36:48:746,VMC-3Axis, AVAILABLE, X0.048292 Y0.908718, SPINDLE, UNAVAILABLE, UNAVAILABLE, ARMED, ACTIVE, 552, AUTOMATIC, UNAVAILABLE, ON, FLANGE_CAM.NGC, UNAVAILABLE
4/1/2016 13:36:48:988,VMC-3Axis, AVAILABLE, X0.138467 Y0.897380, SPINDLE, UNAVAILABLE, UNAVAILABLE, ARMED, ACTIVE, 553, AUTOMATIC, UNAVAILABLE, ON, FLANGE_CAM.NGC, UNAVAILABLE
4/1/2016 13:36:49:234,VMC-3Axis, AVAILABLE, X0.226862 Y0.877137, SPINDLE, UNAVAILABLE, UNAVAILABLE, ARMED, ACTIVE, 554, AUTOMATIC, UNAVAILABLE, ON, FLANGE_CAM.NGC, UNAVAILABLE
4/1/2016 13:36:49:484,VMC-3Axis, AVAILABLE, X0.312605 Y0.848230, SPINDLE, UNAVAILABLE, UNAVAILABLE, ARMED, ACTIVE, 555, AUTOMATIC, UNAVAILABLE, ON, FLANGE_CAM.NGC, UNAVAILABLE
4/1/2016 13:36:49:726,VMC-3Axis, AVAILABLE, X0.394850 Y0.810986, SPINDLE, UNAVAILABLE, UNAVAILABLE, ARMED, ACTIVE, 556, AUTOMATIC, UNAVAILABLE, ON, FLANGE_CAM.NGC, UNAVAILABLE
4/1/2016 13:36:49:968,VMC-3Axis, AVAILABLE, X0.472790 Y0.765813, SPINDLE, UNAVAILABLE, UNAVAILABLE, ARMED, ACTIVE, 557, AUTOMATIC, UNAVAILABLE, ON, FLANGE_CAM.NGC, UNAVAILABLE
4/1/2016 13:36:50:210,VMC-3Axis, AVAILABLE, X0.545666 Y0.713199, SPINDLE, UNAVAILABLE, UNAVAILABLE, ARMED, ACTIVE, 558, AUTOMATIC, UNAVAILABLE, ON, FLANGE_CAM.NGC, UNAVAILABLE
4/1/2016 13:36:50:449,VMC-3Axis, AVAILABLE, X0.612773 Y0.653701, SPINDLE, UNAVAILABLE, UNAVAILABLE, ARMED, ACTIVE, 559, AUTOMATIC, UNAVAILABLE, ON, FLANGE_CAM.NGC, UNAVAILABLE
4/1/2016 13:36:50:687,VMC-3Axis, AVAILABLE, X0.673467 Y0.587944, SPINDLE, UNAVAILABLE, UNAVAILABLE, ARMED, ACTIVE, 560, AUTOMATIC, UNAVAILABLE, ON, FLANGE_CAM.NGC, UNAVAILABLE
4/1/2016 13:36:50:929,VMC-3Axis, AVAILABLE, X0.727168 Y0.516614, SPINDLE, UNAVAILABLE, UNAVAILABLE, ARMED, ACTIVE, 561, AUTOMATIC, UNAVAILABLE, ON, FLANGE_CAM.NGC, UNAVAILABLE
4/1/2016 13:36:51:175,VMC-3Axis, AVAILABLE, X0.773373 Y0.440448, SPINDLE, UNAVAILABLE, UNAVAILABLE, ARMED, ACTIVE, 562, AUTOMATIC, UNAVAILABLE, ON, FLANGE_CAM.NGC, UNAVAILABLE
4/1/2016 13:36:51:421,VMC-3Axis, AVAILABLE, X0.811653 Y0.360228, SPINDLE, UNAVAILABLE, UNAVAILABLE, ARMED, ACTIVE, 563, AUTOMATIC, UNAVAILABLE, ON, FLANGE_CAM.NGC, UNAVAILABLE
4/1/2016 13:36:51:660,VMC-3Axis, AVAILABLE, X0.841661 Y0.276773, SPINDLE, UNAVAILABLE, UNAVAILABLE, ARMED, ACTIVE, 564, AUTOMATIC, UNAVAILABLE, ON, FLANGE_CAM.NGC, UNAVAILABLE
4/1/2016 13:36:51:906,VMC-3Axis, AVAILABLE, X0.863134 Y0.190933, SPINDLE, UNAVAILABLE, UNAVAILABLE, ARMED, ACTIVE, 565, AUTOMATIC, UNAVAILABLE, ON, FLANGE_CAM.NGC, UNAVAILABLE
4/1/2016 13:36:52:156,VMC-3Axis, AVAILABLE, X0.879862 Y0.015578, SPINDLE, UNAVAILABLE, UNAVAILABLE, ARMED, ACTIVE, 567, AUTOMATIC, UNAVAILABLE, ON, FLANGE_CAM.NGC, UNAVAILABLE
4/1/2016 13:36:52:394,VMC-3Axis, AVAILABLE, X0.875028 Y-0.072175, SPINDLE, UNAVAILABLE, UNAVAILABLE, ARMED, ACTIVE, 568, AUTOMATIC, UNAVAILABLE, ON, FLANGE_CAM.NGC, UNAVAILABLE
4/1/2016 13:36:52:636,VMC-3Axis, AVAILABLE, X0.861485 Y-0.158809, SPINDLE, UNAVAILABLE, UNAVAILABLE, ARMED, ACTIVE, 569, AUTOMATIC, UNAVAILABLE, ON, FLANGE_CAM.NGC, UNAVAILABLE
4/1/2016 13:36:52:875,VMC-3Axis, AVAILABLE, X0.839405 Y-0.243464, SPINDLE, UNAVAILABLE, UNAVAILABLE, ARMED, ACTIVE, 570, AUTOMATIC, UNAVAILABLE, ON, FLANGE_CAM.NGC, UNAVAILABLE
4/1/2016 13:36:53:109,VMC-3Axis, AVAILABLE, X0.809050 Y-0.325302, SPINDLE, UNAVAILABLE, UNAVAILABLE, ARMED, ACTIVE, 571, AUTOMATIC, UNAVAILABLE, ON, FLANGE_CAM.NGC, UNAVAILABLE
4/1/2016 13:36:53:359,VMC-3Axis, AVAILABLE, X0.770761 Y-0.403519, SPINDLE, UNAVAILABLE, UNAVAILABLE, ARMED, ACTIVE, 572, AUTOMATIC, UNAVAILABLE, ON, FLANGE_CAM.NGC, UNAVAILABLE
4/1/2016 13:36:53:601,VMC-3Axis, AVAILABLE, X0.724955 Y-0.477351, SPINDLE, UNAVAILABLE, UNAVAILABLE, ARMED, ACTIVE, 573, AUTOMATIC, UNAVAILABLE, ON, FLANGE_CAM.NGC, UNAVAILABLE
4/1/2016 13:36:53:839,VMC-3Axis, AVAILABLE, X0.672125 Y-0.546080, SPINDLE, UNAVAILABLE, UNAVAILABLE, ARMED, ACTIVE, 574, AUTOMATIC, UNAVAILABLE, ON, FLANGE_CAM.NGC, UNAVAILABLE
4/1/2016 13:36:54:144,VMC-3Axis, AVAILABLE, X0.612832 Y-0.609043, SPINDLE, UNAVAILABLE, UNAVAILABLE, ARMED, ACTIVE, 575, AUTOMATIC, UNAVAILABLE, ON, FLANGE_CAM.NGC, UNAVAILABLE
4/1/2016 13:36:54:398,VMC-3Axis, AVAILABLE, X0.477397 Y-0.715326, SPINDLE, UNAVAILABLE, UNAVAILABLE, ARMED, ACTIVE, 577, AUTOMATIC, UNAVAILABLE, ON, FLANGE_CAM.NGC, UNAVAILABLE
4/1/2016 13:36:54:636,VMC-3Axis, AVAILABLE, X0.402660 Y-0.757647, SPINDLE, UNAVAILABLE, UNAVAILABLE, ARMED, ACTIVE, 578, AUTOMATIC, UNAVAILABLE, ON, FLANGE_CAM.NGC, UNAVAILABLE
4/1/2016 13:36:54:875,VMC-3Axis, AVAILABLE, X0.324253 Y-0.792210, SPINDLE, UNAVAILABLE, UNAVAILABLE, ARMED, ACTIVE, 579, AUTOMATIC, UNAVAILABLE, ON, FLANGE_CAM.NGC, UNAVAILABLE
4/1/2016 13:36:55:113,VMC-3Axis, AVAILABLE, X0.242975 Y-0.818706, SPINDLE, UNAVAILABLE, UNAVAILABLE, ARMED, ACTIVE, 580, AUTOMATIC, UNAVAILABLE, ON, FLANGE_CAM.NGC, UNAVAILABLE
4/1/2016 13:36:55:363,VMC-3Axis, AVAILABLE, X0.159652 Y-0.836908, SPINDLE, UNAVAILABLE, UNAVAILABLE, ARMED, ACTIVE, 581, AUTOMATIC, UNAVAILABLE, ON, FLANGE_CAM.NGC, UNAVAILABLE
4/1/2016 13:36:55:605,VMC-3Axis, AVAILABLE, X0.075126 Y-0.846674, SPINDLE, UNAVAILABLE, UNAVAILABLE, ARMED, ACTIVE, 582, AUTOMATIC, UNAVAILABLE, ON, FLANGE_CAM.NGC, UNAVAILABLE
4/1/2016 13:36:55:843,VMC-3Axis, AVAILABLE, X-0.009752 Y-0.847944, SPINDLE, UNAVAILABLE, UNAVAILABLE, ARMED, ACTIVE, 583, AUTOMATIC, UNAVAILABLE, ON, FLANGE_CAM.NGC, UNAVAILABLE
4/1/2016 13:36:56:082,VMC-3Axis, AVAILABLE, X-0.094134 Y-0.840747, SPINDLE, UNAVAILABLE, UNAVAILABLE, ARMED, ACTIVE, 584, AUTOMATIC, UNAVAILABLE, ON, FLANGE_CAM.NGC, UNAVAILABLE
4/1/2016 13:36:56:328,VMC-3Axis, AVAILABLE, X-0.177179 Y-0.825193, SPINDLE, UNAVAILABLE, UNAVAILABLE, ARMED, ACTIVE, 585, AUTOMATIC, UNAVAILABLE, ON, FLANGE_CAM.NGC, UNAVAILABLE
4/1/2016 13:36:56:578,VMC-3Axis, AVAILABLE, X-0.335988 Y-0.769878, SPINDLE, UNAVAILABLE, UNAVAILABLE, ARMED, ACTIVE, 587, AUTOMATIC, UNAVAILABLE, ON, FLANGE_CAM.NGC, UNAVAILABLE
4/1/2016 13:36:56:828,VMC-3Axis, AVAILABLE, X-0.410190 Y-0.730745, SPINDLE, UNAVAILABLE, UNAVAILABLE, ARMED, ACTIVE, 588, AUTOMATIC, UNAVAILABLE, ON, FLANGE_CAM.NGC, UNAVAILABLE
4/1/2016 13:36:57:062,VMC-3Axis, AVAILABLE, X-0.479945 Y-0.684506, SPINDLE, UNAVAILABLE, UNAVAILABLE, ARMED, ACTIVE, 589, AUTOMATIC, UNAVAILABLE, ON, FLANGE_CAM.NGC, UNAVAILABLE
4/1/2016 13:36:57:304,VMC-3Axis, AVAILABLE, X-0.544578 Y-0.631657, SPINDLE, UNAVAILABLE, UNAVAILABLE, ARMED, ACTIVE, 590, AUTOMATIC, UNAVAILABLE, ON, FLANGE_CAM.NGC, UNAVAILABLE
4/1/2016 13:36:57:542,VMC-3Axis, AVAILABLE, X-0.603467 Y-0.572758, SPINDLE, UNAVAILABLE, UNAVAILABLE, ARMED, ACTIVE, 591, AUTOMATIC, UNAVAILABLE, ON, FLANGE_CAM.NGC, UNAVAILABLE
4/1/2016 13:36:57:777,VMC-3Axis, AVAILABLE, X-0.656052 Y-0.508425, SPINDLE, UNAVAILABLE, UNAVAILABLE, ARMED, ACTIVE, 592, AUTOMATIC, UNAVAILABLE, ON, FLANGE_CAM.NGC, UNAVAILABLE
4/1/2016 13:36:58:121,VMC-3Axis, AVAILABLE, X-0.701837 Y-0.439328, SPINDLE, UNAVAILABLE, UNAVAILABLE, ARMED, ACTIVE, 593, AUTOMATIC, UNAVAILABLE, ON, FLANGE_CAM.NGC, UNAVAILABLE
4/1/2016 13:36:58:363,VMC-3Axis, AVAILABLE, X-0.771383 Y-0.289731, SPINDLE, UNAVAILABLE, UNAVAILABLE, ARMED, ACTIVE, 595, AUTOMATIC, UNAVAILABLE, ON, FLANGE_CAM.NGC, UNAVAILABLE
4/1/2016 13:36:58:613,VMC-3Axis, AVAILABLE, X-0.794521 Y-0.210761, SPINDLE, UNAVAILABLE, UNAVAILABLE, ARMED, ACTIVE, 596, AUTOMATIC, UNAVAILABLE, ON, FLANGE_CAM.NGC, UNAVAILABLE
4/1/2016 13:36:58:859,VMC-3Axis, AVAILABLE, X-0.809618 Y-0.130071, SPINDLE, UNAVAILABLE, UNAVAILABLE, ARMED, ACTIVE, 597, AUTOMATIC, UNAVAILABLE, ON, FLANGE_CAM.NGC, UNAVAILABLE
4/1/2016 13:36:59:093,VMC-3Axis, AVAILABLE, X-0.816562 Y-0.048475, SPINDLE, UNAVAILABLE, UNAVAILABLE, ARMED, ACTIVE, 598, AUTOMATIC, UNAVAILABLE, ON, FLANGE_CAM.NGC, UNAVAILABLE
4/1/2016 13:36:59:328,VMC-3Axis, AVAILABLE, X-0.815324 Y0.033206, SPINDLE, UNAVAILABLE, UNAVAILABLE, ARMED, ACTIVE, 599, AUTOMATIC, UNAVAILABLE, ON, FLANGE_CAM.NGC, UNAVAILABLE
4/1/2016 13:36:59:582,VMC-3Axis, AVAILABLE, X-0.788590 Y0.193570, SPINDLE, UNAVAILABLE, UNAVAILABLE, ARMED, ACTIVE, 601, AUTOMATIC, UNAVAILABLE, ON, FLANGE_CAM.NGC, UNAVAILABLE
4/1/2016 13:36:59:832,VMC-3Axis, AVAILABLE, X-0.763441 Y0.270662, SPINDLE, UNAVAILABLE, UNAVAILABLE, ARMED, ACTIVE, 602, AUTOMATIC, UNAVAILABLE, ON, FLANGE_CAM.NGC, UNAVAILABLE
4/1/2016 13:37:00:078,VMC-3Axis, AVAILABLE, X-0.730797 Y0.344674, SPINDLE, UNAVAILABLE, UNAVAILABLE, ARMED, ACTIVE, 603, AUTOMATIC, UNAVAILABLE, ON, FLANGE_CAM.NGC, UNAVAILABLE
4/1/2016 13:37:00:328,VMC-3Axis, AVAILABLE, X-0.691021 Y0.414881, SPINDLE, UNAVAILABLE, UNAVAILABLE, ARMED, ACTIVE, 604, AUTOMATIC, UNAVAILABLE, ON, FLANGE_CAM.NGC, UNAVAILABLE
4/1/2016 13:37:00:574,VMC-3Axis, AVAILABLE, X-0.644547 Y0.480599, SPINDLE, UNAVAILABLE, UNAVAILABLE, ARMED, ACTIVE, 605, AUTOMATIC, UNAVAILABLE, ON, FLANGE_CAM.NGC, UNAVAILABLE
4/1/2016 13:37:00:917,VMC-3Axis, AVAILABLE, X-0.533550 Y0.596091, SPINDLE, UNAVAILABLE, UNAVAILABLE, ARMED, ACTIVE, 607, AUTOMATIC, UNAVAILABLE, ON, FLANGE_CAM.NGC, UNAVAILABLE
4/1/2016 13:37:01:152,VMC-3Axis, AVAILABLE, X-0.470197 Y0.644763, SPINDLE, UNAVAILABLE, UNAVAILABLE, ARMED, ACTIVE, 608, AUTOMATIC, UNAVAILABLE, ON, FLANGE_CAM.NGC, UNAVAILABLE
4/1/2016 13:37:01:390,VMC-3Axis, AVAILABLE, X-0.402468 Y0.686757, SPINDLE, UNAVAILABLE, UNAVAILABLE, ARMED, ACTIVE, 609, AUTOMATIC, UNAVAILABLE, ON, FLANGE_CAM.NGC, UNAVAILABLE
4/1/2016 13:37:01:628,VMC-3Axis, AVAILABLE, X-0.331062 Y0.721688, SPINDLE, UNAVAILABLE, UNAVAILABLE, ARMED, ACTIVE, 610, AUTOMATIC, UNAVAILABLE, ON, FLANGE_CAM.NGC, UNAVAILABLE
4/1/2016 13:37:01:871,VMC-3Axis, AVAILABLE, X-0.180173 Y0.769180, SPINDLE, UNAVAILABLE, UNAVAILABLE, ARMED, ACTIVE, 612, AUTOMATIC, UNAVAILABLE, ON, FLANGE_CAM.NGC, UNAVAILABLE
4/1/2016 13:37:02:214,VMC-3Axis, AVAILABLE, X-0.102223 Y0.781341, SPINDLE, UNAVAILABLE, UNAVAILABLE, ARMED, ACTIVE, 613, AUTOMATIC, UNAVAILABLE, ON, FLANGE_CAM.NGC, UNAVAILABLE
4/1/2016 13:37:02:449,VMC-3Axis, AVAILABLE, X0.054763 Y0.782085, SPINDLE, UNAVAILABLE, UNAVAILABLE, ARMED, ACTIVE, 615, AUTOMATIC, UNAVAILABLE, ON, FLANGE_CAM.NGC, UNAVAILABLE
4/1/2016 13:37:02:687,VMC-3Axis, AVAILABLE, X0.132230 Y0.770739, SPINDLE, UNAVAILABLE, UNAVAILABLE, ARMED, ACTIVE, 616, AUTOMATIC, UNAVAILABLE, ON, FLANGE_CAM.NGC, UNAVAILABLE
4/1/2016 13:37:02:921,VMC-3Axis, AVAILABLE, X0.207981 Y0.751760, SPINDLE, UNAVAILABLE, UNAVAILABLE, ARMED, ACTIVE, 617, AUTOMATIC, UNAVAILABLE, ON, FLANGE_CAM.NGC, UNAVAILABLE
4/1/2016 13:37:03:167,VMC-3Axis, AVAILABLE, X0.281270 Y0.725377, SPINDLE, UNAVAILABLE, UNAVAILABLE, ARMED, ACTIVE, 618, AUTOMATIC, UNAVAILABLE, ON, FLANGE_CAM.NGC, UNAVAILABLE
4/1/2016 13:37:03:406,VMC-3Axis, AVAILABLE, X0.351376 Y0.691889, SPINDLE, UNAVAILABLE, UNAVAILABLE, ARMED, ACTIVE, 619, AUTOMATIC, UNAVAILABLE, ON, FLANGE_CAM.NGC, UNAVAILABLE
4/1/2016 13:37:03:656,VMC-3Axis, AVAILABLE, X0.479346 Y0.605154, SPINDLE, UNAVAILABLE, UNAVAILABLE, ARMED, ACTIVE, 621, AUTOMATIC, UNAVAILABLE, ON, FLANGE_CAM.NGC, UNAVAILABLE
4/1/2016 13:37:03:910,VMC-3Axis, AVAILABLE, X0.535973 Y0.552840, SPINDLE, UNAVAILABLE, UNAVAILABLE, ARMED, ACTIVE, 622, AUTOMATIC, UNAVAILABLE, ON, FLANGE_CAM.NGC, UNAVAILABLE
4/1/2016 13:37:04:160,VMC-3Axis, AVAILABLE, X0.586959 Y0.495281, SPINDLE, UNAVAILABLE, UNAVAILABLE, ARMED, ACTIVE, 623, AUTOMATIC, UNAVAILABLE, ON, FLANGE_CAM.NGC, UNAVAILABLE
4/1/2016 13:37:04:402,VMC-3Axis, AVAILABLE, X0.631823 Y0.433077, SPINDLE, UNAVAILABLE, UNAVAILABLE, ARMED, ACTIVE, 624, AUTOMATIC, UNAVAILABLE, ON, FLANGE_CAM.NGC, UNAVAILABLE
4/1/2016 13:37:04:847,VMC-3Axis, AVAILABLE, X0.670147 Y0.366876, SPINDLE, UNAVAILABLE, UNAVAILABLE, ARMED, ACTIVE, 625, AUTOMATIC, UNAVAILABLE, ON, FLANGE_CAM.NGC, UNAVAILABLE
4/1/2016 13:37:05:093,VMC-3Axis, AVAILABLE, X0.742756 Y0.151251, SPINDLE, UNAVAILABLE, UNAVAILABLE, ARMED, ACTIVE, 628, AUTOMATIC, UNAVAILABLE, ON, FLANGE_CAM.NGC, UNAVAILABLE
4/1/2016 13:37:05:332,VMC-3Axis, AVAILABLE, X0.752156 Y0.076142, SPINDLE, UNAVAILABLE, UNAVAILABLE, ARMED, ACTIVE, 629, AUTOMATIC, UNAVAILABLE, ON, FLANGE_CAM.NGC, UNAVAILABLE
4/1/2016 13:37:05:679,VMC-3Axis, AVAILABLE, X0.754000 Y0.000670, SPINDLE, UNAVAILABLE, UNAVAILABLE, ARMED, ACTIVE, 630, AUTOMATIC, UNAVAILABLE, ON, FLANGE_CAM.NGC, UNAVAILABLE
4/1/2016 13:37:05:921,VMC-3Axis, AVAILABLE, X0.735182 Y-0.148349, SPINDLE, UNAVAILABLE, UNAVAILABLE, ARMED, ACTIVE, 632, AUTOMATIC, UNAVAILABLE, ON, FLANGE_CAM.NGC, UNAVAILABLE
4/1/2016 13:37:06:156,VMC-3Axis, AVAILABLE, X0.714788 Y-0.220414, SPINDLE, UNAVAILABLE, UNAVAILABLE, ARMED, ACTIVE, 633, AUTOMATIC, UNAVAILABLE, ON, FLANGE_CAM.NGC, UNAVAILABLE
4/1/2016 13:37:06:406,VMC-3Axis, AVAILABLE, X0.687369 Y-0.289896, SPINDLE, UNAVAILABLE, UNAVAILABLE, ARMED, ACTIVE, 634, AUTOMATIC, UNAVAILABLE, ON, FLANGE_CAM.NGC, UNAVAILABLE
4/1/2016 13:37:06:644,VMC-3Axis, AVAILABLE, X0.612771 Y-0.418421, SPINDLE, UNAVAILABLE, UNAVAILABLE, ARMED, ACTIVE, 636, AUTOMATIC, UNAVAILABLE, ON, FLANGE_CAM.NGC, UNAVAILABLE
4/1/2016 13:37:06:886,VMC-3Axis, AVAILABLE, X0.566406 Y-0.476218, SPINDLE, UNAVAILABLE, UNAVAILABLE, ARMED, ACTIVE, 637, AUTOMATIC, UNAVAILABLE, ON, FLANGE_CAM.NGC, UNAVAILABLE
4/1/2016 13:37:07:121,VMC-3Axis, AVAILABLE, X0.514640 Y-0.528952, SPINDLE, UNAVAILABLE, UNAVAILABLE, ARMED, ACTIVE, 638, AUTOMATIC, UNAVAILABLE, ON, FLANGE_CAM.NGC, UNAVAILABLE
4/1/2016 13:37:07:359,VMC-3Axis, AVAILABLE, X0.458017 Y-0.576122, SPINDLE, UNAVAILABLE, UNAVAILABLE, ARMED, ACTIVE, 639, AUTOMATIC, UNAVAILABLE, ON, FLANGE_CAM.NGC, UNAVAILABLE
4/1/2016 13:37:07:699,VMC-3Axis, AVAILABLE, X0.332612 Y-0.652069, SPINDLE, UNAVAILABLE, UNAVAILABLE, ARMED, ACTIVE, 641, AUTOMATIC, UNAVAILABLE, ON, FLANGE_CAM.NGC, UNAVAILABLE
4/1/2016 13:37:07:929,VMC-3Axis, AVAILABLE, X0.195362 Y-0.701297, SPINDLE, UNAVAILABLE, UNAVAILABLE, ARMED, ACTIVE, 643, AUTOMATIC, UNAVAILABLE, ON, FLANGE_CAM.NGC, UNAVAILABLE
4/1/2016 13:37:08:171,VMC-3Axis, AVAILABLE, X0.124032 Y-0.715327, SPINDLE, UNAVAILABLE, UNAVAILABLE, ARMED, ACTIVE, 644, AUTOMATIC, UNAVAILABLE, ON, FLANGE_CAM.NGC, UNAVAILABLE
4/1/2016 13:37:08:406,VMC-3Axis, AVAILABLE, X0.051855 Y-0.722141, SPINDLE, UNAVAILABLE, UNAVAILABLE, ARMED, ACTIVE, 645, AUTOMATIC, UNAVAILABLE, ON, FLANGE_CAM.NGC, UNAVAILABLE
4/1/2016 13:37:08:656,VMC-3Axis, AVAILABLE, X-0.020441 Y-0.721711, SPINDLE, UNAVAILABLE, UNAVAILABLE, ARMED, ACTIVE, 646, AUTOMATIC, UNAVAILABLE, ON, FLANGE_CAM.NGC, UNAVAILABLE
4/1/2016 13:37:09:011,VMC-3Axis, AVAILABLE, X-0.162510 Y-0.699367, SPINDLE, UNAVAILABLE, UNAVAILABLE, ARMED, ACTIVE, 648, AUTOMATIC, UNAVAILABLE, ON, FLANGE_CAM.NGC, UNAVAILABLE
4/1/2016 13:37:09:250,VMC-3Axis, AVAILABLE, X-0.296552 Y-0.649502, SPINDLE, UNAVAILABLE, UNAVAILABLE, ARMED, ACTIVE, 650, AUTOMATIC, UNAVAILABLE, ON, FLANGE_CAM.NGC, UNAVAILABLE
4/1/2016 13:37:09:503,VMC-3Axis, AVAILABLE, X-0.358904 Y-0.614924, SPINDLE, UNAVAILABLE, UNAVAILABLE, ARMED, ACTIVE, 651, AUTOMATIC, UNAVAILABLE, ON, FLANGE_CAM.NGC, UNAVAILABLE
4/1/2016 13:37:09:746,VMC-3Axis, AVAILABLE, X-0.417326 Y-0.574403, SPINDLE, UNAVAILABLE, UNAVAILABLE, ARMED, ACTIVE, 652, AUTOMATIC, UNAVAILABLE, ON, FLANGE_CAM.NGC, UNAVAILABLE
4/1/2016 13:37:09:980,VMC-3Axis, AVAILABLE, X-0.520176 Y-0.477339, SPINDLE, UNAVAILABLE, UNAVAILABLE, ARMED, ACTIVE, 654, AUTOMATIC, UNAVAILABLE, ON, FLANGE_CAM.NGC, UNAVAILABLE
4/1/2016 13:37:10:218,VMC-3Axis, AVAILABLE, X-0.563631 Y-0.421825, SPINDLE, UNAVAILABLE, UNAVAILABLE, ARMED, ACTIVE, 655, AUTOMATIC, UNAVAILABLE, ON, FLANGE_CAM.NGC, UNAVAILABLE
4/1/2016 13:37:10:449,VMC-3Axis, AVAILABLE, X-0.601214 Y-0.362416, SPINDLE, UNAVAILABLE, UNAVAILABLE, ARMED, ACTIVE, 656, AUTOMATIC, UNAVAILABLE, ON, FLANGE_CAM.NGC, UNAVAILABLE
4/1/2016 13:37:10:683,VMC-3Axis, AVAILABLE, X-0.632585 Y-0.299728, SPINDLE, UNAVAILABLE, UNAVAILABLE, ARMED, ACTIVE, 657, AUTOMATIC, UNAVAILABLE, ON, FLANGE_CAM.NGC, UNAVAILABLE
4/1/2016 13:37:10:921,VMC-3Axis, AVAILABLE, X-0.675639 Y-0.167118, SPINDLE, UNAVAILABLE, UNAVAILABLE, ARMED, ACTIVE, 659, AUTOMATIC, UNAVAILABLE, ON, FLANGE_CAM.NGC, UNAVAILABLE
4/1/2016 13:37:11:160,VMC-3Axis, AVAILABLE, X-0.686968 Y-0.098547, SPINDLE, UNAVAILABLE, UNAVAILABLE, ARMED, ACTIVE, 660, AUTOMATIC, UNAVAILABLE, ON, FLANGE_CAM.NGC, UNAVAILABLE
4/1/2016 13:37:11:402,VMC-3Axis, AVAILABLE, X-0.691376 Y-0.029388, SPINDLE, UNAVAILABLE, UNAVAILABLE, ARMED, ACTIVE, 661, AUTOMATIC, UNAVAILABLE, ON, FLANGE_CAM.NGC, UNAVAILABLE
4/1/2016 13:37:11:640,VMC-3Axis, AVAILABLE, X-0.679482 Y0.107926, SPINDLE, UNAVAILABLE, UNAVAILABLE, ARMED, ACTIVE, 663, AUTOMATIC, UNAVAILABLE, ON, FLANGE_CAM.NGC, UNAVAILABLE
4/1/2016 13:37:11:875,VMC-3Axis, AVAILABLE, X-0.663379 Y0.174712, SPINDLE, UNAVAILABLE, UNAVAILABLE, ARMED, ACTIVE, 664, AUTOMATIC, UNAVAILABLE, ON, FLANGE_CAM.NGC, UNAVAILABLE
4/1/2016 13:37:12:117,VMC-3Axis, AVAILABLE, X-0.640749 Y0.239367, SPINDLE, UNAVAILABLE, UNAVAILABLE, ARMED, ACTIVE, 665, AUTOMATIC, UNAVAILABLE, ON, FLANGE_CAM.NGC, UNAVAILABLE
4/1/2016 13:37:12:359,VMC-3Axis, AVAILABLE, X-0.577028 Y0.359776, SPINDLE, UNAVAILABLE, UNAVAILABLE, ARMED, ACTIVE, 667, AUTOMATIC, UNAVAILABLE, ON, FLANGE_CAM.NGC, UNAVAILABLE
4/1/2016 13:37:12:605,VMC-3Axis, AVAILABLE, X-0.536644 Y0.414363, SPINDLE, UNAVAILABLE, UNAVAILABLE, ARMED, ACTIVE, 668, AUTOMATIC, UNAVAILABLE, ON, FLANGE_CAM.NGC, UNAVAILABLE
4/1/2016 13:37:12:843,VMC-3Axis, AVAILABLE, X-0.441009 Y0.509693, SPINDLE, UNAVAILABLE, UNAVAILABLE, ARMED, ACTIVE, 670, AUTOMATIC, UNAVAILABLE, ON, FLANGE_CAM.NGC, UNAVAILABLE
4/1/2016 13:37:13:082,VMC-3Axis, AVAILABLE, X-0.386770 Y0.549539, SPINDLE, UNAVAILABLE, UNAVAILABLE, ARMED, ACTIVE, 671, AUTOMATIC, UNAVAILABLE, ON, FLANGE_CAM.NGC, UNAVAILABLE
4/1/2016 13:37:13:425,VMC-3Axis, AVAILABLE, X-0.268277 Y0.611761, SPINDLE, UNAVAILABLE, UNAVAILABLE, ARMED, ACTIVE, 673, AUTOMATIC, UNAVAILABLE, ON, FLANGE_CAM.NGC, UNAVAILABLE
4/1/2016 13:37:13:671,VMC-3Axis, AVAILABLE, X-0.205246 Y0.633585, SPINDLE, UNAVAILABLE, UNAVAILABLE, ARMED, ACTIVE, 674, AUTOMATIC, UNAVAILABLE, ON, FLANGE_CAM.NGC, UNAVAILABLE
4/1/2016 13:37:13:910,VMC-3Axis, AVAILABLE, X-0.074829 Y0.657757, SPINDLE, UNAVAILABLE, UNAVAILABLE, ARMED, ACTIVE, 676, AUTOMATIC, UNAVAILABLE, ON, FLANGE_CAM.NGC, UNAVAILABLE
4/1/2016 13:37:14:160,VMC-3Axis, AVAILABLE, X-0.008763 Y0.659942, SPINDLE, UNAVAILABLE, UNAVAILABLE, ARMED, ACTIVE, 677, AUTOMATIC, UNAVAILABLE, ON, FLANGE_CAM.NGC, UNAVAILABLE
4/1/2016 13:37:14:398,VMC-3Axis, AVAILABLE, X0.121780 Y0.644597, SPINDLE, UNAVAILABLE, UNAVAILABLE, ARMED, ACTIVE, 679, AUTOMATIC, UNAVAILABLE, ON, FLANGE_CAM.NGC, UNAVAILABLE
4/1/2016 13:37:14:636,VMC-3Axis, AVAILABLE, X0.184958 Y0.627301, SPINDLE, UNAVAILABLE, UNAVAILABLE, ARMED, ACTIVE, 680, AUTOMATIC, UNAVAILABLE, ON, FLANGE_CAM.NGC, UNAVAILABLE
4/1/2016 13:37:14:875,VMC-3Axis, AVAILABLE, X0.245905 Y0.603850, SPINDLE, UNAVAILABLE, UNAVAILABLE, ARMED, ACTIVE, 681, AUTOMATIC, UNAVAILABLE, ON, FLANGE_CAM.NGC, UNAVAILABLE
4/1/2016 13:37:15:113,VMC-3Axis, AVAILABLE, X0.358755 Y0.539628, SPINDLE, UNAVAILABLE, UNAVAILABLE, ARMED, ACTIVE, 683, AUTOMATIC, UNAVAILABLE, ON, FLANGE_CAM.NGC, UNAVAILABLE
4/1/2016 13:37:15:355,VMC-3Axis, AVAILABLE, X0.409568 Y0.499570, SPINDLE, UNAVAILABLE, UNAVAILABLE, ARMED, ACTIVE, 684, AUTOMATIC, UNAVAILABLE, ON, FLANGE_CAM.NGC, UNAVAILABLE
4/1/2016 13:37:15:589,VMC-3Axis, AVAILABLE, X0.497553 Y0.405715, SPINDLE, UNAVAILABLE, UNAVAILABLE, ARMED, ACTIVE, 686, AUTOMATIC, UNAVAILABLE, ON, FLANGE_CAM.NGC, UNAVAILABLE
4/1/2016 13:37:15:824,VMC-3Axis, AVAILABLE, X0.533903 Y0.352913, SPINDLE, UNAVAILABLE, UNAVAILABLE, ARMED, ACTIVE, 687, AUTOMATIC, UNAVAILABLE, ON, FLANGE_CAM.NGC, UNAVAILABLE
4/1/2016 13:37:16:062,VMC-3Axis, AVAILABLE, X0.589665 Y0.238309, SPINDLE, UNAVAILABLE, UNAVAILABLE, ARMED, ACTIVE, 689, AUTOMATIC, UNAVAILABLE, ON, FLANGE_CAM.NGC, UNAVAILABLE
4/1/2016 13:37:16:312,VMC-3Axis, AVAILABLE, X0.608590 Y0.177690, SPINDLE, UNAVAILABLE, UNAVAILABLE, ARMED, ACTIVE, 690, AUTOMATIC, UNAVAILABLE, ON, FLANGE_CAM.NGC, UNAVAILABLE
4/1/2016 13:37:16:562,VMC-3Axis, AVAILABLE, X0.627775 Y0.052904, SPINDLE, UNAVAILABLE, UNAVAILABLE, ARMED, ACTIVE, 692, AUTOMATIC, UNAVAILABLE, ON, FLANGE_CAM.NGC, UNAVAILABLE
4/1/2016 13:37:16:812,VMC-3Axis, AVAILABLE, X0.627920 Y-0.010001, SPINDLE, UNAVAILABLE, UNAVAILABLE, ARMED, ACTIVE, 693, AUTOMATIC, UNAVAILABLE, ON, FLANGE_CAM.NGC, UNAVAILABLE
4/1/2016 13:37:17:046,VMC-3Axis, AVAILABLE, X0.609510 Y-0.133694, SPINDLE, UNAVAILABLE, UNAVAILABLE, ARMED, ACTIVE, 695, AUTOMATIC, UNAVAILABLE, ON, FLANGE_CAM.NGC, UNAVAILABLE
4/1/2016 13:37:17:281,VMC-3Axis, AVAILABLE, X0.591217 Y-0.193254, SPINDLE, UNAVAILABLE, UNAVAILABLE, ARMED, ACTIVE, 696, AUTOMATIC, UNAVAILABLE, ON, FLANGE_CAM.NGC, UNAVAILABLE
4/1/2016 13:37:17:511,VMC-3Axis, AVAILABLE, X0.537559 Y-0.304885, SPINDLE, UNAVAILABLE, UNAVAILABLE, ARMED, ACTIVE, 698, AUTOMATIC, UNAVAILABLE, ON, FLANGE_CAM.NGC, UNAVAILABLE
4/1/2016 13:37:17:750,VMC-3Axis, AVAILABLE, X0.502803 Y-0.355872, SPINDLE, UNAVAILABLE, UNAVAILABLE, ARMED, ACTIVE, 699, AUTOMATIC, UNAVAILABLE, ON, FLANGE_CAM.NGC, UNAVAILABLE
4/1/2016 13:37:17:984,VMC-3Axis, AVAILABLE, X0.419339 Y-0.445757, SPINDLE, UNAVAILABLE, UNAVAILABLE, ARMED, ACTIVE, 701, AUTOMATIC, UNAVAILABLE, ON, FLANGE_CAM.NGC, UNAVAILABLE
4/1/2016 13:37:18:222,VMC-3Axis, AVAILABLE, X0.371524 Y-0.483808, SPINDLE, UNAVAILABLE, UNAVAILABLE, ARMED, ACTIVE, 702, AUTOMATIC, UNAVAILABLE, ON, FLANGE_CAM.NGC, UNAVAILABLE
4/1/2016 13:37:18:468,VMC-3Axis, AVAILABLE, X0.266243 Y-0.544381, SPINDLE, UNAVAILABLE, UNAVAILABLE, ARMED, ACTIVE, 704, AUTOMATIC, UNAVAILABLE, ON, FLANGE_CAM.NGC, UNAVAILABLE
4/1/2016 13:37:18:722,VMC-3Axis, AVAILABLE, X0.209871 Y-0.566366, SPINDLE, UNAVAILABLE, UNAVAILABLE, ARMED, ACTIVE, 705, AUTOMATIC, UNAVAILABLE, ON, FLANGE_CAM.NGC, UNAVAILABLE
4/1/2016 13:37:18:964,VMC-3Axis, AVAILABLE, X0.092551 Y-0.592819, SPINDLE, UNAVAILABLE, UNAVAILABLE, ARMED, ACTIVE, 707, AUTOMATIC, UNAVAILABLE, ON, FLANGE_CAM.NGC, UNAVAILABLE
4/1/2016 13:37:19:203,VMC-3Axis, AVAILABLE, X-0.026888 Y-0.595393, SPINDLE, UNAVAILABLE, UNAVAILABLE, ARMED, ACTIVE, 709, AUTOMATIC, UNAVAILABLE, ON, FLANGE_CAM.NGC, UNAVAILABLE
4/1/2016 13:37:19:437,VMC-3Axis, AVAILABLE, X-0.085905 Y-0.587755, SPINDLE, UNAVAILABLE, UNAVAILABLE, ARMED, ACTIVE, 710, AUTOMATIC, UNAVAILABLE, ON, FLANGE_CAM.NGC, UNAVAILABLE
4/1/2016 13:37:19:687,VMC-3Axis, AVAILABLE, X-0.199608 Y-0.555209, SPINDLE, UNAVAILABLE, UNAVAILABLE, ARMED, ACTIVE, 712, AUTOMATIC, UNAVAILABLE, ON, FLANGE_CAM.NGC, UNAVAILABLE
4/1/2016 13:37:19:921,VMC-3Axis, AVAILABLE, X-0.253178 Y-0.530702, SPINDLE, UNAVAILABLE, UNAVAILABLE, ARMED, ACTIVE, 713, AUTOMATIC, UNAVAILABLE, ON, FLANGE_CAM.NGC, UNAVAILABLE
4/1/2016 13:37:20:171,VMC-3Axis, AVAILABLE, X-0.351161 Y-0.466629, SPINDLE, UNAVAILABLE, UNAVAILABLE, ARMED, ACTIVE, 715, AUTOMATIC, UNAVAILABLE, ON, FLANGE_CAM.NGC, UNAVAILABLE
4/1/2016 13:37:20:406,VMC-3Axis, AVAILABLE, X-0.433873 Y-0.384908, SPINDLE, UNAVAILABLE, UNAVAILABLE, ARMED, ACTIVE, 717, AUTOMATIC, UNAVAILABLE, ON, FLANGE_CAM.NGC, UNAVAILABLE
4/1/2016 13:37:20:656,VMC-3Axis, AVAILABLE, X-0.468511 Y-0.338498, SPINDLE, UNAVAILABLE, UNAVAILABLE, ARMED, ACTIVE, 718, AUTOMATIC, UNAVAILABLE, ON, FLANGE_CAM.NGC, UNAVAILABLE
4/1/2016 13:37:21:011,VMC-3Axis, AVAILABLE, X-0.522778 Y-0.237020, SPINDLE, UNAVAILABLE, UNAVAILABLE, ARMED, ACTIVE, 720, AUTOMATIC, UNAVAILABLE, ON, FLANGE_CAM.NGC, UNAVAILABLE
4/1/2016 13:37:21:246,VMC-3Axis, AVAILABLE, X-0.555548 Y-0.127541, SPINDLE, UNAVAILABLE, UNAVAILABLE, ARMED, ACTIVE, 722, AUTOMATIC, UNAVAILABLE, ON, FLANGE_CAM.NGC, UNAVAILABLE
4/1/2016 13:37:21:488,VMC-3Axis, AVAILABLE, X-0.565814 Y-0.014525, SPINDLE, UNAVAILABLE, UNAVAILABLE, ARMED, ACTIVE, 724, AUTOMATIC, UNAVAILABLE, ON, FLANGE_CAM.NGC, UNAVAILABLE
4/1/2016 13:37:21:730,VMC-3Axis, AVAILABLE, X-0.562443 Y0.041886, SPINDLE, UNAVAILABLE, UNAVAILABLE, ARMED, ACTIVE, 725, AUTOMATIC, UNAVAILABLE, ON, FLANGE_CAM.NGC, UNAVAILABLE
4/1/2016 13:37:21:968,VMC-3Axis, AVAILABLE, X-0.539059 Y0.151707, SPINDLE, UNAVAILABLE, UNAVAILABLE, ARMED, ACTIVE, 727, AUTOMATIC, UNAVAILABLE, ON, FLANGE_CAM.NGC, UNAVAILABLE
4/1/2016 13:37:22:203,VMC-3Axis, AVAILABLE, X-0.494616 Y0.253951, SPINDLE, UNAVAILABLE, UNAVAILABLE, ARMED, ACTIVE, 729, AUTOMATIC, UNAVAILABLE, ON, FLANGE_CAM.NGC, UNAVAILABLE
4/1/2016 13:37:22:480,VMC-3Axis, AVAILABLE, X-0.465113 Y0.300975, SPINDLE, UNAVAILABLE, UNAVAILABLE, ARMED, ACTIVE, 730, AUTOMATIC, UNAVAILABLE, ON, FLANGE_CAM.NGC, UNAVAILABLE
4/1/2016 13:37:22:718,VMC-3Axis, AVAILABLE, X-0.393188 Y0.384582, SPINDLE, UNAVAILABLE, UNAVAILABLE, ARMED, ACTIVE, 732, AUTOMATIC, UNAVAILABLE, ON, FLANGE_CAM.NGC, UNAVAILABLE
4/1/2016 13:37:22:953,VMC-3Axis, AVAILABLE, X-0.306699 Y0.451721, SPINDLE, UNAVAILABLE, UNAVAILABLE, ARMED, ACTIVE, 734, AUTOMATIC, UNAVAILABLE, ON, FLANGE_CAM.NGC, UNAVAILABLE
4/1/2016 13:37:23:203,VMC-3Axis, AVAILABLE, X-0.209297 Y0.499959, SPINDLE, UNAVAILABLE, UNAVAILABLE, ARMED, ACTIVE, 736, AUTOMATIC, UNAVAILABLE, ON, FLANGE_CAM.NGC, UNAVAILABLE
4/1/2016 13:37:23:453,VMC-3Axis, AVAILABLE, X-0.157755 Y0.516443, SPINDLE, UNAVAILABLE, UNAVAILABLE, ARMED, ACTIVE, 737, AUTOMATIC, UNAVAILABLE, ON, FLANGE_CAM.NGC, UNAVAILABLE
4/1/2016 13:37:23:703,VMC-3Axis, AVAILABLE, X-0.051624 Y0.533508, SPINDLE, UNAVAILABLE, UNAVAILABLE, ARMED, ACTIVE, 739, AUTOMATIC, UNAVAILABLE, ON, FLANGE_CAM.NGC, UNAVAILABLE
4/1/2016 13:37:23:953,VMC-3Axis, AVAILABLE, X0.054984 Y0.529151, SPINDLE, UNAVAILABLE, UNAVAILABLE, ARMED, ACTIVE, 741, AUTOMATIC, UNAVAILABLE, ON, FLANGE_CAM.NGC, UNAVAILABLE
4/1/2016 13:37:24:210,VMC-3Axis, AVAILABLE, X0.157818 Y0.503863, SPINDLE, UNAVAILABLE, UNAVAILABLE, ARMED, ACTIVE, 743, AUTOMATIC, UNAVAILABLE, ON, FLANGE_CAM.NGC, UNAVAILABLE
4/1/2016 13:37:24:453,VMC-3Axis, AVAILABLE, X0.252844 Y0.458962, SPINDLE, UNAVAILABLE, UNAVAILABLE, ARMED, ACTIVE, 745, AUTOMATIC, UNAVAILABLE, ON, FLANGE_CAM.NGC, UNAVAILABLE
4/1/2016 13:37:24:703,VMC-3Axis, AVAILABLE, X0.336398 Y0.396530, SPINDLE, UNAVAILABLE, UNAVAILABLE, ARMED, ACTIVE, 747, AUTOMATIC, UNAVAILABLE, ON, FLANGE_CAM.NGC, UNAVAILABLE
4/1/2016 13:37:24:957,VMC-3Axis, AVAILABLE, X0.372865 Y0.359577, SPINDLE, UNAVAILABLE, UNAVAILABLE, ARMED, ACTIVE, 748, AUTOMATIC, UNAVAILABLE, ON, FLANGE_CAM.NGC, UNAVAILABLE
4/1/2016 13:37:25:199,VMC-3Axis, AVAILABLE, X0.433496 Y0.276184, SPINDLE, UNAVAILABLE, UNAVAILABLE, ARMED, ACTIVE, 750, AUTOMATIC, UNAVAILABLE, ON, FLANGE_CAM.NGC, UNAVAILABLE
4/1/2016 13:37:25:433,VMC-3Axis, AVAILABLE, X0.475991 Y0.183120, SPINDLE, UNAVAILABLE, UNAVAILABLE, ARMED, ACTIVE, 752, AUTOMATIC, UNAVAILABLE, ON, FLANGE_CAM.NGC, UNAVAILABLE
4/1/2016 13:37:25:671,VMC-3Axis, AVAILABLE, X0.498939 Y0.084239, SPINDLE, UNAVAILABLE, UNAVAILABLE, ARMED, ACTIVE, 754, AUTOMATIC, UNAVAILABLE, ON, FLANGE_CAM.NGC, UNAVAILABLE
4/1/2016 13:37:25:921,VMC-3Axis, AVAILABLE, X0.501731 Y-0.016433, SPINDLE, UNAVAILABLE, UNAVAILABLE, ARMED, ACTIVE, 756, AUTOMATIC, UNAVAILABLE, ON, FLANGE_CAM.NGC, UNAVAILABLE
4/1/2016 13:37:26:156,VMC-3Axis, AVAILABLE, X0.484573 Y-0.114862, SPINDLE, UNAVAILABLE, UNAVAILABLE, ARMED, ACTIVE, 758, AUTOMATIC, UNAVAILABLE, ON, FLANGE_CAM.NGC, UNAVAILABLE
4/1/2016 13:37:26:406,VMC-3Axis, AVAILABLE, X0.448463 Y-0.207164, SPINDLE, UNAVAILABLE, UNAVAILABLE, ARMED, ACTIVE, 760, AUTOMATIC, UNAVAILABLE, ON, FLANGE_CAM.NGC, UNAVAILABLE
4/1/2016 13:37:26:656,VMC-3Axis, AVAILABLE, X0.395141 Y-0.289765, SPINDLE, UNAVAILABLE, UNAVAILABLE, ARMED, ACTIVE, 762, AUTOMATIC, UNAVAILABLE, ON, FLANGE_CAM.NGC, UNAVAILABLE
4/1/2016 13:37:27:011,VMC-3Axis, AVAILABLE, X0.327005 Y-0.359532, SPINDLE, UNAVAILABLE, UNAVAILABLE, ARMED, ACTIVE, 764, AUTOMATIC, UNAVAILABLE, ON, FLANGE_CAM.NGC, UNAVAILABLE
4/1/2016 13:37:27:246,VMC-3Axis, AVAILABLE, X0.247009 Y-0.413897, SPINDLE, UNAVAILABLE, UNAVAILABLE, ARMED, ACTIVE, 766, AUTOMATIC, UNAVAILABLE, ON, FLANGE_CAM.NGC, UNAVAILABLE
4/1/2016 13:37:27:484,VMC-3Axis, AVAILABLE, X0.158530 Y-0.450946, SPINDLE, UNAVAILABLE, UNAVAILABLE, ARMED, ACTIVE, 768, AUTOMATIC, UNAVAILABLE, ON, FLANGE_CAM.NGC, UNAVAILABLE
4/1/2016 13:37:27:734,VMC-3Axis, AVAILABLE, X0.065230 Y-0.469490, SPINDLE, UNAVAILABLE, UNAVAILABLE, ARMED, ACTIVE, 770, AUTOMATIC, UNAVAILABLE, ON, FLANGE_CAM.NGC, UNAVAILABLE
4/1/2016 13:37:27:984,VMC-3Axis, AVAILABLE, X-0.029095 Y-0.469099, SPINDLE, UNAVAILABLE, UNAVAILABLE, ARMED, ACTIVE, 772, AUTOMATIC, UNAVAILABLE, ON, FLANGE_CAM.NGC, UNAVAILABLE
4/1/2016 13:37:28:234,VMC-3Axis, AVAILABLE, X-0.120675 Y-0.450104, SPINDLE, UNAVAILABLE, UNAVAILABLE, ARMED, ACTIVE, 774, AUTOMATIC, UNAVAILABLE, ON, FLANGE_CAM.NGC, UNAVAILABLE
4/1/2016 13:37:28:480,VMC-3Axis, AVAILABLE, X-0.205909 Y-0.413577, SPINDLE, UNAVAILABLE, UNAVAILABLE, ARMED, ACTIVE, 776, AUTOMATIC, UNAVAILABLE, ON, FLANGE_CAM.NGC, UNAVAILABLE
4/1/2016 13:37:28:718,VMC-3Axis, AVAILABLE, X-0.281511 Y-0.361270, SPINDLE, UNAVAILABLE, UNAVAILABLE, ARMED, ACTIVE, 778, AUTOMATIC, UNAVAILABLE, ON, FLANGE_CAM.NGC, UNAVAILABLE
4/1/2016 13:37:28:953,VMC-3Axis, AVAILABLE, X-0.344636 Y-0.295537, SPINDLE, UNAVAILABLE, UNAVAILABLE, ARMED, ACTIVE, 780, AUTOMATIC, UNAVAILABLE, ON, FLANGE_CAM.NGC, UNAVAILABLE
4/1/2016 13:37:29:207,VMC-3Axis, AVAILABLE, X-0.392987 Y-0.219229, SPINDLE, UNAVAILABLE, UNAVAILABLE, ARMED, ACTIVE, 782, AUTOMATIC, UNAVAILABLE, ON, FLANGE_CAM.NGC, UNAVAILABLE
4/1/2016 13:37:29:449,VMC-3Axis, AVAILABLE, X-0.424897 Y-0.135568, SPINDLE, UNAVAILABLE, UNAVAILABLE, ARMED, ACTIVE, 784, AUTOMATIC, UNAVAILABLE, ON, FLANGE_CAM.NGC, UNAVAILABLE
4/1/2016 13:37:29:687,VMC-3Axis, AVAILABLE, X-0.439983 Y-0.003895, SPINDLE, UNAVAILABLE, UNAVAILABLE, ARMED, ACTIVE, 787, AUTOMATIC, UNAVAILABLE, ON, FLANGE_CAM.NGC, UNAVAILABLE
4/1/2016 13:37:29:921,VMC-3Axis, AVAILABLE, X-0.428059 Y0.082834, SPINDLE, UNAVAILABLE, UNAVAILABLE, ARMED, ACTIVE, 789, AUTOMATIC, UNAVAILABLE, ON, FLANGE_CAM.NGC, UNAVAILABLE
4/1/2016 13:37:30:175,VMC-3Axis, AVAILABLE, X-0.399372 Y0.164700, SPINDLE, UNAVAILABLE, UNAVAILABLE, ARMED, ACTIVE, 791, AUTOMATIC, UNAVAILABLE, ON, FLANGE_CAM.NGC, UNAVAILABLE
4/1/2016 13:37:30:425,VMC-3Axis, AVAILABLE, X-0.355369 Y0.238531, SPINDLE, UNAVAILABLE, UNAVAILABLE, ARMED, ACTIVE, 793, AUTOMATIC, UNAVAILABLE, ON, FLANGE_CAM.NGC, UNAVAILABLE
4/1/2016 13:37:30:664,VMC-3Axis, AVAILABLE, X-0.298084 Y0.301532, SPINDLE, UNAVAILABLE, UNAVAILABLE, ARMED, ACTIVE, 795, AUTOMATIC, UNAVAILABLE, ON, FLANGE_CAM.NGC, UNAVAILABLE
4/1/2016 13:37:31:07,VMC-3Axis, AVAILABLE, X-0.192893 Y0.370832, SPINDLE, UNAVAILABLE, UNAVAILABLE, ARMED, ACTIVE, 798, AUTOMATIC, UNAVAILABLE, ON, FLANGE_CAM.NGC, UNAVAILABLE
4/1/2016 13:37:31:246,VMC-3Axis, AVAILABLE, X-0.073617 Y0.405370, SPINDLE, UNAVAILABLE, UNAVAILABLE, ARMED, ACTIVE, 801, AUTOMATIC, UNAVAILABLE, ON, FLANGE_CAM.NGC, UNAVAILABLE
4/1/2016 13:37:31:484,VMC-3Axis, AVAILABLE, X0.008303 Y0.407916, SPINDLE, UNAVAILABLE, UNAVAILABLE, ARMED, ACTIVE, 803, AUTOMATIC, UNAVAILABLE, ON, FLANGE_CAM.NGC, UNAVAILABLE
4/1/2016 13:37:31:714,VMC-3Axis, AVAILABLE, X0.088304 Y0.394231, SPINDLE, UNAVAILABLE, UNAVAILABLE, ARMED, ACTIVE, 805, AUTOMATIC, UNAVAILABLE, ON, FLANGE_CAM.NGC, UNAVAILABLE
4/1/2016 13:37:31:949,VMC-3Axis, AVAILABLE, X0.163233 Y0.365178, SPINDLE, UNAVAILABLE, UNAVAILABLE, ARMED, ACTIVE, 807, AUTOMATIC, UNAVAILABLE, ON, FLANGE_CAM.NGC, UNAVAILABLE
4/1/2016 13:37:32:191,VMC-3Axis, AVAILABLE, X0.230203 Y0.322215, SPINDLE, UNAVAILABLE, UNAVAILABLE, ARMED, ACTIVE, 809, AUTOMATIC, UNAVAILABLE, ON, FLANGE_CAM.NGC, UNAVAILABLE
4/1/2016 13:37:32:433,VMC-3Axis, AVAILABLE, X0.310368 Y0.236161, SPINDLE, UNAVAILABLE, UNAVAILABLE, ARMED, ACTIVE, 812, AUTOMATIC, UNAVAILABLE, ON, FLANGE_CAM.NGC, UNAVAILABLE
4/1/2016 13:37:32:675,VMC-3Axis, AVAILABLE, X0.347498 Y0.168051, SPINDLE, UNAVAILABLE, UNAVAILABLE, ARMED, ACTIVE, 814, AUTOMATIC, UNAVAILABLE, ON, FLANGE_CAM.NGC, UNAVAILABLE
4/1/2016 13:37:32:921,VMC-3Axis, AVAILABLE, X0.375708 Y0.056953, SPINDLE, UNAVAILABLE, UNAVAILABLE, ARMED, ACTIVE, 817, AUTOMATIC, UNAVAILABLE, ON, FLANGE_CAM.NGC, UNAVAILABLE
4/1/2016 13:37:33:171,VMC-3Axis, AVAILABLE, X0.375538 Y-0.018625, SPINDLE, UNAVAILABLE, UNAVAILABLE, ARMED, ACTIVE, 819, AUTOMATIC, UNAVAILABLE, ON, FLANGE_CAM.NGC, UNAVAILABLE
4/1/2016 13:37:33:421,VMC-3Axis, AVAILABLE, X0.347624 Y-0.126718, SPINDLE, UNAVAILABLE, UNAVAILABLE, ARMED, ACTIVE, 822, AUTOMATIC, UNAVAILABLE, ON, FLANGE_CAM.NGC, UNAVAILABLE
4/1/2016 13:37:33:757,VMC-3Axis, AVAILABLE, X0.289872 Y-0.220159, SPINDLE, UNAVAILABLE, UNAVAILABLE, ARMED, ACTIVE, 825, AUTOMATIC, UNAVAILABLE, ON, FLANGE_CAM.NGC, UNAVAILABLE
4/1/2016 13:37:34:00,VMC-3Axis, AVAILABLE, X0.208372 Y-0.291110, SPINDLE, UNAVAILABLE, UNAVAILABLE, ARMED, ACTIVE, 828, AUTOMATIC, UNAVAILABLE, ON, FLANGE_CAM.NGC, UNAVAILABLE
4/1/2016 13:37:34:246,VMC-3Axis, AVAILABLE, X0.111142 Y-0.333993, SPINDLE, UNAVAILABLE, UNAVAILABLE, ARMED, ACTIVE, 831, AUTOMATIC, UNAVAILABLE, ON, FLANGE_CAM.NGC, UNAVAILABLE
4/1/2016 13:37:34:480,VMC-3Axis, AVAILABLE, X0.042088 Y-0.345445, SPINDLE, UNAVAILABLE, UNAVAILABLE, ARMED, ACTIVE, 833, AUTOMATIC, UNAVAILABLE, ON, FLANGE_CAM.NGC, UNAVAILABLE
4/1/2016 13:37:34:722,VMC-3Axis, AVAILABLE, X-0.060811 Y-0.336550, SPINDLE, UNAVAILABLE, UNAVAILABLE, ARMED, ACTIVE, 836, AUTOMATIC, UNAVAILABLE, ON, FLANGE_CAM.NGC, UNAVAILABLE
4/1/2016 13:37:34:964,VMC-3Axis, AVAILABLE, X-0.154788 Y-0.298223, SPINDLE, UNAVAILABLE, UNAVAILABLE, ARMED, ACTIVE, 839, AUTOMATIC, UNAVAILABLE, ON, FLANGE_CAM.NGC, UNAVAILABLE
4/1/2016 13:37:35:210,VMC-3Axis, AVAILABLE, X-0.208439 Y-0.258413, SPINDLE, UNAVAILABLE, UNAVAILABLE, ARMED, ACTIVE, 841, AUTOMATIC, UNAVAILABLE, ON, FLANGE_CAM.NGC, UNAVAILABLE
4/1/2016 13:37:35:449,VMC-3Axis, AVAILABLE, X-0.270517 Y-0.181925, SPINDLE, UNAVAILABLE, UNAVAILABLE, ARMED, ACTIVE, 844, AUTOMATIC, UNAVAILABLE, ON, FLANGE_CAM.NGC, UNAVAILABLE
4/1/2016 13:37:35:691,VMC-3Axis, AVAILABLE, X-0.306451 Y-0.092129, SPINDLE, UNAVAILABLE, UNAVAILABLE, ARMED, ACTIVE, 847, AUTOMATIC, UNAVAILABLE, ON, FLANGE_CAM.NGC, UNAVAILABLE
4/1/2016 13:37:35:933,VMC-3Axis, AVAILABLE, X-0.313990 Y0.002500, SPINDLE, UNAVAILABLE, UNAVAILABLE, ARMED, ACTIVE, 850, AUTOMATIC, UNAVAILABLE, ON, FLANGE_CAM.NGC, UNAVAILABLE
4/1/2016 13:37:36:171,VMC-3Axis, AVAILABLE, X-0.293509 Y0.093360, SPINDLE, UNAVAILABLE, UNAVAILABLE, ARMED, ACTIVE, 853, AUTOMATIC, UNAVAILABLE, ON, FLANGE_CAM.NGC, UNAVAILABLE
4/1/2016 13:37:36:421,VMC-3Axis, AVAILABLE, X-0.247886 Y0.172501, SPINDLE, UNAVAILABLE, UNAVAILABLE, ARMED, ACTIVE, 856, AUTOMATIC, UNAVAILABLE, ON, FLANGE_CAM.NGC, UNAVAILABLE
4/1/2016 13:37:36:675,VMC-3Axis, AVAILABLE, X-0.182144 Y0.233323, SPINDLE, UNAVAILABLE, UNAVAILABLE, ARMED, ACTIVE, 859, AUTOMATIC, UNAVAILABLE, ON, FLANGE_CAM.NGC, UNAVAILABLE
4/1/2016 13:37:36:914,VMC-3Axis, AVAILABLE, X-0.102928 Y0.271120, SPINDLE, UNAVAILABLE, UNAVAILABLE, ARMED, ACTIVE, 862, AUTOMATIC, UNAVAILABLE, ON, FLANGE_CAM.NGC, UNAVAILABLE
4/1/2016 13:37:37:148,VMC-3Axis, AVAILABLE, X-0.017833 Y0.283440, SPINDLE, UNAVAILABLE, UNAVAILABLE, ARMED, ACTIVE, 865, AUTOMATIC, UNAVAILABLE, ON, FLANGE_CAM.NGC, UNAVAILABLE
4/1/2016 13:37:37:386,VMC-3Axis, AVAILABLE, X0.091305 Y0.260460, SPINDLE, UNAVAILABLE, UNAVAILABLE, ARMED, ACTIVE, 869, AUTOMATIC, UNAVAILABLE, ON, FLANGE_CAM.NGC, UNAVAILABLE
4/1/2016 13:37:37:625,VMC-3Axis, AVAILABLE, X0.160629 Y0.217022, SPINDLE, UNAVAILABLE, UNAVAILABLE, ARMED, ACTIVE, 872, AUTOMATIC, UNAVAILABLE, ON, FLANGE_CAM.NGC, UNAVAILABLE
4/1/2016 13:37:37:875,VMC-3Axis, AVAILABLE, X0.212753 Y0.156307, SPINDLE, UNAVAILABLE, UNAVAILABLE, ARMED, ACTIVE, 875, AUTOMATIC, UNAVAILABLE, ON, FLANGE_CAM.NGC, UNAVAILABLE
4/1/2016 13:37:38:128,VMC-3Axis, AVAILABLE, X0.249045 Y0.059267, SPINDLE, UNAVAILABLE, UNAVAILABLE, ARMED, ACTIVE, 879, AUTOMATIC, UNAVAILABLE, ON, FLANGE_CAM.NGC, UNAVAILABLE
4/1/2016 13:37:38:371,VMC-3Axis, AVAILABLE, X0.244576 Y-0.041070, SPINDLE, UNAVAILABLE, UNAVAILABLE, ARMED, ACTIVE, 883, AUTOMATIC, UNAVAILABLE, ON, FLANGE_CAM.NGC, UNAVAILABLE
4/1/2016 13:37:38:605,VMC-3Axis, AVAILABLE, X0.202525 Y-0.128778, SPINDLE, UNAVAILABLE, UNAVAILABLE, ARMED, ACTIVE, 887, AUTOMATIC, UNAVAILABLE, ON, FLANGE_CAM.NGC, UNAVAILABLE
4/1/2016 13:37:38:843,VMC-3Axis, AVAILABLE, X0.151538 Y-0.178304, SPINDLE, UNAVAILABLE, UNAVAILABLE, ARMED, ACTIVE, 890, AUTOMATIC, UNAVAILABLE, ON, FLANGE_CAM.NGC, UNAVAILABLE
4/1/2016 13:37:39:093,VMC-3Axis, AVAILABLE, X0.067742 Y-0.215608, SPINDLE, UNAVAILABLE, UNAVAILABLE, ARMED, ACTIVE, 894, AUTOMATIC, UNAVAILABLE, ON, FLANGE_CAM.NGC, UNAVAILABLE
4/1/2016 13:37:39:332,VMC-3Axis, AVAILABLE, X-0.041975 Y-0.211882, SPINDLE, UNAVAILABLE, UNAVAILABLE, ARMED, ACTIVE, 899, AUTOMATIC, UNAVAILABLE, ON, FLANGE_CAM.NGC, UNAVAILABLE
4/1/2016 13:37:39:574,VMC-3Axis, AVAILABLE, X-0.116685 Y-0.172188, SPINDLE, UNAVAILABLE, UNAVAILABLE, ARMED, ACTIVE, 903, AUTOMATIC, UNAVAILABLE, ON, FLANGE_CAM.NGC, UNAVAILABLE
4/1/2016 13:37:39:816,VMC-3Axis, AVAILABLE, X-0.176060 Y-0.090592, SPINDLE, UNAVAILABLE, UNAVAILABLE, ARMED, ACTIVE, 908, AUTOMATIC, UNAVAILABLE, ON, FLANGE_CAM.NGC, UNAVAILABLE
4/1/2016 13:37:40:062,VMC-3Axis, AVAILABLE, X-0.189463 Y-0.014279, SPINDLE, UNAVAILABLE, UNAVAILABLE, ARMED, ACTIVE, 912, AUTOMATIC, UNAVAILABLE, ON, FLANGE_CAM.NGC, UNAVAILABLE
4/1/2016 13:37:40:281,VMC-3Axis, AVAILABLE, X-0.164003 Y0.074181, SPINDLE, UNAVAILABLE, UNAVAILABLE, ARMED, ACTIVE, 917, AUTOMATIC, UNAVAILABLE, ON, FLANGE_CAM.NGC, UNAVAILABLE
4/1/2016 13:37:40:531,VMC-3Axis, AVAILABLE, X-0.102342 Y0.135743, SPINDLE, UNAVAILABLE, UNAVAILABLE, ARMED, ACTIVE, 922, AUTOMATIC, UNAVAILABLE, ON, FLANGE_CAM.NGC, UNAVAILABLE
4/1/2016 13:37:40:777,VMC-3Axis, AVAILABLE, X-0.007268 Y0.157833, SPINDLE, UNAVAILABLE, UNAVAILABLE, ARMED, ACTIVE, 928, AUTOMATIC, UNAVAILABLE, ON, FLANGE_CAM.NGC, UNAVAILABLE
4/1/2016 13:37:41:011,VMC-3Axis, AVAILABLE, X0.064905 Y0.133009, SPINDLE, UNAVAILABLE, UNAVAILABLE, ARMED, ACTIVE, 933, AUTOMATIC, UNAVAILABLE, ON, FLANGE_CAM.NGC, UNAVAILABLE
4/1/2016 13:37:41:250,VMC-3Axis, AVAILABLE, X0.118238 Y0.067199, SPINDLE, UNAVAILABLE, UNAVAILABLE, ARMED, ACTIVE, 939, AUTOMATIC, UNAVAILABLE, ON, FLANGE_CAM.NGC, UNAVAILABLE
4/1/2016 13:37:41:496,VMC-3Axis, AVAILABLE, X0.123571 Y-0.010303, SPINDLE, UNAVAILABLE, UNAVAILABLE, ARMED, ACTIVE, 945, AUTOMATIC, UNAVAILABLE, ON, FLANGE_CAM.NGC, UNAVAILABLE
4/1/2016 13:37:41:734,VMC-3Axis, AVAILABLE, X0.095157 Y-0.062778, SPINDLE, UNAVAILABLE, UNAVAILABLE, ARMED, ACTIVE, 950, AUTOMATIC, UNAVAILABLE, ON, FLANGE_CAM.NGC, UNAVAILABLE
4/1/2016 13:37:41:980,VMC-3Axis, AVAILABLE, X0.028366 Y-0.095892, SPINDLE, UNAVAILABLE, UNAVAILABLE, ARMED, ACTIVE, 957, AUTOMATIC, UNAVAILABLE, ON, FLANGE_CAM.NGC, UNAVAILABLE
4/1/2016 13:37:42:218,VMC-3Axis, AVAILABLE, X-0.027045 Y-0.083741, SPINDLE, UNAVAILABLE, UNAVAILABLE, ARMED, ACTIVE, 963, AUTOMATIC, UNAVAILABLE, ON, FLANGE_CAM.NGC, UNAVAILABLE
4/1/2016 13:37:42:468,VMC-3Axis, AVAILABLE, X-0.064567 Y-0.031861, SPINDLE, UNAVAILABLE, UNAVAILABLE, ARMED, ACTIVE, 971, AUTOMATIC, UNAVAILABLE, ON, FLANGE_CAM.NGC, UNAVAILABLE
4/1/2016 13:37:42:718,VMC-3Axis, AVAILABLE, X-0.052764 Y0.018759, SPINDLE, UNAVAILABLE, UNAVAILABLE, ARMED, ACTIVE, 979, AUTOMATIC, UNAVAILABLE, ON, FLANGE_CAM.NGC, UNAVAILABLE
4/1/2016 13:37:42:964,VMC-3Axis, AVAILABLE, X-0.012285 Y0.035959, SPINDLE, UNAVAILABLE, UNAVAILABLE, ARMED, ACTIVE, 988, AUTOMATIC, UNAVAILABLE, ON, FLANGE_CAM.NGC, UNAVAILABLE
4/1/2016 13:37:43:199,VMC-3Axis, AVAILABLE, X0.011189 Y0.014100, SPINDLE, UNAVAILABLE, UNAVAILABLE, ARMED, ACTIVE, 998, AUTOMATIC, UNAVAILABLE, ON, FLANGE_CAM.NGC, UNAVAILABLE
4/1/2016 13:37:43:433,VMC-3Axis, AVAILABLE, G0Z1, SPINDLE, UNAVAILABLE, UNAVAILABLE, ARMED, ACTIVE, 1007, AUTOMATIC, UNAVAILABLE, ON, FLANGE_CAM.NGC, UNAVAILABLE
4/1/2016 13:37:43:671,VMC-3Axis, AVAILABLE, G0Z1, SPINDLE, UNAVAILABLE, UNAVAILABLE, ARMED, ACTIVE, 1007, AUTOMATIC, UNAVAILABLE, ON, FLANGE_CAM.NGC, UNAVAILABLE
4/1/2016 13:37:43:914,VMC-3Axis, AVAILABLE, G0Z1, SPINDLE, UNAVAILABLE, UNAVAILABLE, ARMED, ACTIVE, 1007, AUTOMATIC, UNAVAILABLE, ON, FLANGE_CAM.NGC, UNAVAILABLE
4/1/2016 13:37:44:152,VMC-3Axis, AVAILABLE, G0Z1, SPINDLE, UNAVAILABLE, UNAVAILABLE, ARMED, ACTIVE, 1007, AUTOMATIC, UNAVAILABLE, ON, FLANGE_CAM.NGC, UNAVAILABLE
4/1/2016 13:37:44:390,VMC-3Axis, AVAILABLE, G0Z1, SPINDLE, UNAVAILABLE, UNAVAILABLE, ARMED, ACTIVE, 1007, AUTOMATIC, UNAVAILABLE, ON, FLANGE_CAM.NGC, UNAVAILABLE
4/1/2016 13:37:44:636,VMC-3Axis, AVAILABLE, , SPINDLE, UNAVAILABLE, UNAVAILABLE, ARMED, READY, 0, AUTOMATIC, UNAVAILABLE, ON, FLANGE_CAM.NGC, UNAVAILABLE
4/1/2016 13:37:44:875,VMC-3Axis, AVAILABLE, , SPINDLE, UNAVAILABLE, UNAVAILABLE, ARMED, READY, 0, AUTOMATIC, UNAVAILABLE, ON, FLANGE_CAM.NGC, UNAVAILABLE
4/1/2016 13:37:45:121,VMC-3Axis, AVAILABLE, , SPINDLE, UNAVAILABLE, UNAVAILABLE, ARMED, READY, 0, AUTOMATIC, UNAVAILABLE, ON, FLANGE_CAM.NGC, UNAVAILABLE
4/1/2016 13:37:45:359,VMC-3Axis, AVAILABLE, , SPINDLE, UNAVAILABLE, UNAVAILABLE, ARMED, READY, 0, AUTOMATIC, UNAVAILABLE, ON, FLANGE_CAM.NGC, UNAVAILABLE
4/1/2016 13:37:45:605,VMC-3Axis, AVAILABLE, , SPINDLE, UNAVAILABLE, UNAVAILABLE, ARMED, READY, 0, AUTOMATIC, UNAVAILABLE, ON, FLANGE_CAM.NGC, UNAVAILABLE
4/1/2016 13:37:45:949,VMC-3Axis, AVAILABLE, , SPINDLE, UNAVAILABLE, UNAVAILABLE, ARMED, READY, 0, AUTOMATIC, UNAVAILABLE, ON, FLANGE_CAM.NGC, UNAVAILABLE
4/1/2016 13:37:46:187,VMC-3Axis, AVAILABLE, , SPINDLE, UNAVAILABLE, UNAVAILABLE, ARMED, READY, 0, AUTOMATIC, UNAVAILABLE, ON, FLANGE_CAM.NGC, UNAVAILABLE
4/1/2016 13:37:46:433,VMC-3Axis, AVAILABLE, , SPINDLE, UNAVAILABLE, UNAVAILABLE, ARMED, READY, 0, AUTOMATIC, UNAVAILABLE, ON, FLANGE_CAM.NGC, UNAVAILABLE
4/1/2016 13:37:46:667,VMC-3Axis, AVAILABLE, , SPINDLE, UNAVAILABLE, UNAVAILABLE, ARMED, READY, 0, AUTOMATIC, UNAVAILABLE, ON, FLANGE_CAM.NGC, UNAVAILABLE
4/1/2016 13:37:46:902,VMC-3Axis, AVAILABLE, , SPINDLE, UNAVAILABLE, UNAVAILABLE, ARMED, READY, 0, AUTOMATIC, UNAVAILABLE, ON, FLANGE_CAM.NGC, UNAVAILABLE
4/1/2016 13:37:47:152,VMC-3Axis, AVAILABLE, , SPINDLE, UNAVAILABLE, UNAVAILABLE, ARMED, READY, 0, AUTOMATIC, UNAVAILABLE, ON, FLANGE_CAM.NGC, UNAVAILABLE
4/1/2016 13:37:47:386,VMC-3Axis, AVAILABLE, , SPINDLE, UNAVAILABLE, UNAVAILABLE, ARMED, READY, 0, AUTOMATIC, UNAVAILABLE, ON, FLANGE_CAM.NGC, UNAVAILABLE
4/1/2016 13:37:47:621,VMC-3Axis, AVAILABLE, , SPINDLE, UNAVAILABLE, UNAVAILABLE, ARMED, READY, 0, AUTOMATIC, UNAVAILABLE, ON, FLANGE_CAM.NGC, UNAVAILABLE
4/1/2016 13:37:47:859,VMC-3Axis, AVAILABLE, , SPINDLE, UNAVAILABLE, UNAVAILABLE, ARMED, READY, 0, AUTOMATIC, UNAVAILABLE, ON, FLANGE_CAM.NGC, UNAVAILABLE
4/1/2016 13:37:48:109,VMC-3Axis, AVAILABLE, , SPINDLE, UNAVAILABLE, UNAVAILABLE, ARMED, READY, 0, AUTOMATIC, UNAVAILABLE, ON, FLANGE_CAM.NGC, UNAVAILABLE
4/1/2016 13:37:48:359,VMC-3Axis, AVAILABLE, , SPINDLE, UNAVAILABLE, UNAVAILABLE, ARMED, READY, 0, AUTOMATIC, UNAVAILABLE, ON, FLANGE_CAM.NGC, UNAVAILABLE
4/1/2016 13:37:48:609,VMC-3Axis, AVAILABLE, , SPINDLE, UNAVAILABLE, UNAVAILABLE, ARMED, READY, 0, AUTOMATIC, UNAVAILABLE, ON, FLANGE_CAM.NGC, UNAVAILABLE
4/1/2016 13:37:48:859,VMC-3Axis, AVAILABLE, , SPINDLE, UNAVAILABLE, UNAVAILABLE, ARMED, READY, 0, AUTOMATIC, UNAVAILABLE, ON, FLANGE_CAM.NGC, UNAVAILABLE
4/1/2016 13:37:49:105,VMC-3Axis, AVAILABLE, , SPINDLE, UNAVAILABLE, UNAVAILABLE, ARMED, READY, 0, AUTOMATIC, UNAVAILABLE, ON, FLANGE_CAM.NGC, UNAVAILABLE
4/1/2016 13:37:49:449,VMC-3Axis, AVAILABLE, , SPINDLE, UNAVAILABLE, UNAVAILABLE, ARMED, READY, 0, AUTOMATIC, UNAVAILABLE, ON, FLANGE_CAM.NGC, UNAVAILABLE
4/1/2016 13:37:49:691,VMC-3Axis, AVAILABLE, , SPINDLE, UNAVAILABLE, UNAVAILABLE, ARMED, READY, 0, AUTOMATIC, UNAVAILABLE, ON, FLANGE_CAM.NGC, UNAVAILABLE
4/1/2016 13:37:49:933,VMC-3Axis, AVAILABLE, , SPINDLE, UNAVAILABLE, UNAVAILABLE, ARMED, READY, 0, AUTOMATIC, UNAVAILABLE, ON, FLANGE_CAM.NGC, UNAVAILABLE
4/1/2016 13:37:50:171,VMC-3Axis, AVAILABLE, , SPINDLE, UNAVAILABLE, UNAVAILABLE, ARMED, READY, 0, AUTOMATIC, UNAVAILABLE, ON, FLANGE_CAM.NGC, UNAVAILABLE
4/1/2016 13:37:50:421,VMC-3Axis, AVAILABLE, , SPINDLE, UNAVAILABLE, UNAVAILABLE, ARMED, READY, 0, AUTOMATIC, UNAVAILABLE, ON, FLANGE_CAM.NGC, UNAVAILABLE
4/1/2016 13:37:50:664,VMC-3Axis, AVAILABLE, , SPINDLE, UNAVAILABLE, UNAVAILABLE, ARMED, READY, 0, AUTOMATIC, UNAVAILABLE, ON, FLANGE_CAM.NGC, UNAVAILABLE
4/1/2016 13:37:50:902,VMC-3Axis, AVAILABLE, , SPINDLE, UNAVAILABLE, UNAVAILABLE, ARMED, READY, 0, AUTOMATIC, UNAVAILABLE, ON, FLANGE_CAM.NGC, UNAVAILABLE
4/1/2016 13:37:51:132,VMC-3Axis, AVAILABLE, , SPINDLE, UNAVAILABLE, UNAVAILABLE, ARMED, READY, 0, AUTOMATIC, UNAVAILABLE, ON, FLANGE_CAM.NGC, UNAVAILABLE
4/1/2016 13:37:51:367,VMC-3Axis, AVAILABLE, , SPINDLE, UNAVAILABLE, UNAVAILABLE, ARMED, READY, 0, AUTOMATIC, UNAVAILABLE, ON, FLANGE_CAM.NGC, UNAVAILABLE
4/1/2016 13:37:51:710,VMC-3Axis, AVAILABLE, , SPINDLE, UNAVAILABLE, UNAVAILABLE, ARMED, READY, 0, AUTOMATIC, UNAVAILABLE, ON, FLANGE_CAM.NGC, UNAVAILABLE
4/1/2016 13:37:51:949,VMC-3Axis, AVAILABLE, , SPINDLE, UNAVAILABLE, UNAVAILABLE, ARMED, READY, 0, AUTOMATIC, UNAVAILABLE, ON, FLANGE_CAM.NGC, UNAVAILABLE
4/1/2016 13:37:52:308,VMC-3Axis, AVAILABLE, , SPINDLE, UNAVAILABLE, UNAVAILABLE, ARMED, READY, 0, AUTOMATIC, UNAVAILABLE, ON, FLANGE_CAM.NGC, UNAVAILABLE
4/1/2016 13:37:52:648,VMC-3Axis, AVAILABLE, , SPINDLE, UNAVAILABLE, UNAVAILABLE, ARMED, READY, 0, AUTOMATIC, UNAVAILABLE, ON, FLANGE_CAM.NGC, UNAVAILABLE
4/1/2016 13:37:52:886,VMC-3Axis, AVAILABLE, , SPINDLE, UNAVAILABLE, UNAVAILABLE, ARMED, READY, 0, AUTOMATIC, UNAVAILABLE, ON, FLANGE_CAM.NGC, UNAVAILABLE
4/1/2016 13:37:53:125,VMC-3Axis, AVAILABLE, , SPINDLE, UNAVAILABLE, UNAVAILABLE, ARMED, READY, 0, AUTOMATIC, UNAVAILABLE, ON, FLANGE_CAM.NGC, UNAVAILABLE
4/1/2016 13:37:53:375,VMC-3Axis, AVAILABLE, , SPINDLE, UNAVAILABLE, UNAVAILABLE, ARMED, READY, 0, AUTOMATIC, UNAVAILABLE, ON, FLANGE_CAM.NGC, UNAVAILABLE
4/1/2016 13:37:53:617,VMC-3Axis, AVAILABLE, , SPINDLE, UNAVAILABLE, UNAVAILABLE, ARMED, READY, 0, AUTOMATIC, UNAVAILABLE, ON, FLANGE_CAM.NGC, UNAVAILABLE
4/1/2016 13:37:53:851,VMC-3Axis, AVAILABLE, , SPINDLE, UNAVAILABLE, UNAVAILABLE, ARMED, READY, 0, AUTOMATIC, UNAVAILABLE, ON, FLANGE_CAM.NGC, UNAVAILABLE
4/1/2016 13:37:54:093,VMC-3Axis, AVAILABLE, , SPINDLE, UNAVAILABLE, UNAVAILABLE, ARMED, READY, 0, AUTOMATIC, UNAVAILABLE, ON, FLANGE_CAM.NGC, UNAVAILABLE
4/1/2016 13:37:54:324,VMC-3Axis, AVAILABLE, , SPINDLE, UNAVAILABLE, UNAVAILABLE, ARMED, READY, 0, AUTOMATIC, UNAVAILABLE, ON, FLANGE_CAM.NGC, UNAVAILABLE
4/1/2016 13:37:54:558,VMC-3Axis, AVAILABLE, , SPINDLE, UNAVAILABLE, UNAVAILABLE, ARMED, READY, 0, AUTOMATIC, UNAVAILABLE, ON, FLANGE_CAM.NGC, UNAVAILABLE
4/1/2016 13:37:54:792,VMC-3Axis, AVAILABLE, , SPINDLE, UNAVAILABLE, UNAVAILABLE, ARMED, READY, 0, AUTOMATIC, UNAVAILABLE, ON, FLANGE_CAM.NGC, UNAVAILABLE
4/1/2016 13:37:55:031,VMC-3Axis, AVAILABLE, , SPINDLE, UNAVAILABLE, UNAVAILABLE, ARMED, READY, 0, AUTOMATIC, UNAVAILABLE, ON, FLANGE_CAM.NGC, UNAVAILABLE
4/1/2016 13:37:55:281,VMC-3Axis, AVAILABLE, , SPINDLE, UNAVAILABLE, UNAVAILABLE, ARMED, READY, 0, AUTOMATIC, UNAVAILABLE, ON, FLANGE_CAM.NGC, UNAVAILABLE
4/1/2016 13:37:55:527,VMC-3Axis, AVAILABLE, , SPINDLE, UNAVAILABLE, UNAVAILABLE, ARMED, READY, 0, AUTOMATIC, UNAVAILABLE, ON, FLANGE_CAM.NGC, UNAVAILABLE
4/1/2016 13:37:55:761,VMC-3Axis, AVAILABLE, , SPINDLE, UNAVAILABLE, UNAVAILABLE, ARMED, READY, 0, AUTOMATIC, UNAVAILABLE, ON, FLANGE_CAM.NGC, UNAVAILABLE
4/1/2016 13:37:56:07,VMC-3Axis, AVAILABLE, , SPINDLE, UNAVAILABLE, UNAVAILABLE, ARMED, READY, 0, AUTOMATIC, UNAVAILABLE, ON, FLANGE_CAM.NGC, UNAVAILABLE
4/1/2016 13:37:56:246,VMC-3Axis, AVAILABLE, , SPINDLE, UNAVAILABLE, UNAVAILABLE, ARMED, READY, 0, AUTOMATIC, UNAVAILABLE, ON, FLANGE_CAM.NGC, UNAVAILABLE
4/1/2016 13:37:56:484,VMC-3Axis, AVAILABLE, , SPINDLE, UNAVAILABLE, UNAVAILABLE, ARMED, READY, 0, AUTOMATIC, UNAVAILABLE, ON, FLANGE_CAM.NGC, UNAVAILABLE
4/1/2016 13:37:56:734,VMC-3Axis, AVAILABLE, , SPINDLE, UNAVAILABLE, UNAVAILABLE, ARMED, READY, 0, AUTOMATIC, UNAVAILABLE, ON, FLANGE_CAM.NGC, UNAVAILABLE
